Workbook

Sheet Sheet1
A1: Timestamp | B1: Age | C1: Gender | D1: Marital Status | E1: Which state in the US did you primarily grow up in, or which country? | F1: Have you lived in a country other than the US for more than 3 months? | G1: If you answered 'Yes' to the previous question, where did you live? | H1: Are you currently a student? | I1: How often did you experience extreme or disruptive weather where you grew up? | J1: Which statement best describes the difference between weather and climate? | K1: List your 3 most used forms of transportation on a normal day | L1: Form 2 | M1: Form 3 | N1: How easy is it for you to reach your normal daily destinations (school, work, shopping)? | O1: In middle school, how many students were in a typical class? | P1: If you grew up in Utah, which county? | Q1: Comments and notes | R1: Place of Origin Given this Information
A2: 46163.703 | B2: 25+ | C2: Male | D2: Married | E2: Utah | F2: Yes | G2: Germany, S. Korea, Afghanistan | H2: No | I2: Sometimes | J2: Weather is short-term atmospheric conditions, while climate is long-term patterns over time. | K2: Car | N2: Very Easy | O2: 26-30 students | P2: Davis | Q2: He says he is from Davis County, Utah | R2: Davis
A3: 46163.705 | B3: 25+ | C3: Male | D3: Married | E3: Utah | F3: No | G3: United States of America | H3: No | I3: Rarely | J3: Weather is short-term atmospheric conditions, while climate is long-term patterns over time. | K3: Car | N3: Very Easy | O3: 26-30 students | P3: Sanpete | Q3: He only grew up in America, specifically Sanpete County | R3: Sanpete
A4: 46163.716 | B4: 25+ | C4: Female | D4: Married | E4: California | F4: No | G4: No | H4: No | I4: Rarely | J4: Weather is short-term atmospheric conditions, while climate is long-term patterns over time. | K4: Car, | L4: Walking, | M4: Rideshare (Uber/Lyft) | N4: Very Easy | O4: 26-30 students | P4: I did not grow up in the state of Utah | Q4: She is from California | R4: California
A5: 46163.723 | B5: 21-22 | C5: Male | D5: Single | E5: California | F5: Yes | G5: Brazil | H5: Yes | I5: Rarely | J5: Weather is short-term atmospheric conditions, while climate is long-term patterns over time. | K5: Public transportation (Bus, Train, shuttle, tram, etc.), | L5: Walking, | M5: Biking | N5: Somewhat Easy | O5: 31-35 students | P5: I did not grow up in the state of Utah | Q5: This person grew up in California | R5: California
A6: 46163.734 | B6: 25+ | C6: Male | D6: Married | E6: California | F6: Yes | G6: Kuwait, Phillipines, Afghanistan | H6: No | I6: Rarely | J6: Weather is short-term atmospheric conditions, while climate is long-term patterns over time. | K6: Car, | L6: Walking | N6: Very Easy | O6: 21-25 students | P6: I did not grow up in the state of Utah | Q6: This person was from California during his childhood | R6: California
A7: 46163.737 | B7: 25+ | C7: Male | D7: Married | E7: New york | F7: Yes | G7: Iraq and afghanistan | H7: Yes | I7: Sometimes | J7: Weather is short-term atmospheric conditions, while climate is long-term patterns over time. | K7: Car | N7: Somewhat Easy | O7: 21-25 students | P7: I did not grow up in the state of Utah | Q7: He was from New York | R7: New York
A8: 46163.738 | B8: 25+ | C8: Female | D8: Married | E8: Canada | F8: Yes | G8: Raymond, Alberta, Canada | H8: No | I8: Often | J8: Weather is short-term atmospheric conditions, while climate is long-term patterns over time. | K8: Car, | L8: Walking | N8: Very Easy | O8: 26-30 students | P8: I did not grow up in the state of Utah | Q8: She was from Canada and did not grow up in America at all | R8: Foreign Country
A9: 46163.74 | B9: 25+ | C9: Female | D9: Married | E9: Uta | F9: No | G9: N/a | H9: No | I9: Rarely | J9: Weather is short-term atmospheric conditions, while climate is long-term patterns over time. | K9: Car, , | L9: Public transportation (Bus, Train, shuttle, tram, etc.) | M9: Walking | N9: Very Easy | O9: 16-20 students | P9: Salt Lake | Q9: She accidentally wrote she grew up in "Uta" like the busses, but this was a misspelling of "Utah" | R9: Salt Lake
A10: 46163.741 | B10: 25+ | C10: Male | D10: Married | E10: Arizona | F10: Yes | G10: Japan | H10: No | I10: Rarely | J10: Weather is short-term atmospheric conditions, while climate is long-term patterns over time. | K10: Car, , | L10: Walking | M10: other | N10: Somewhat Easy | O10: 26-30 students | P10: I did not grow up in the state of Utah | Q10: He could have grown up in Lake Havasu, Arizona | R10: Lake Havasu, Arizona
A11: 46163.741 | B11: 25+ | C11: Female | D11: Married | E11: Jersey City | F11: No | G11: N/a | H11: No | I11: Very often | J11: Not sure. | K11: Car, | L11: Walking | N11: Somewhat Easy | O11: 26-30 students | P11: I did not grow up in the state of Utah | Q11: Jersey City could possibly be in New Jersey, America | R11: New Jersey
A12: 46163.746 | B12: 25+ | C12: Female | D12: Single | E12: NY | F12: No | G12: NA | H12: No | I12: Rarely | J12: Weather is short-term atmospheric conditions, while climate is long-term patterns over time. | K12: Car, Walking, Other | N12: Very Easy | O12: 26-30 students | P12: I did not grow up in the state of Utah | Q12: "NY" means New York | R12: New York
A13: 46163.746 | B13: 19-20 | C13: Female | D13: Single | E13: California | F13: No | G13: N/A | H13: Yes | I13: Rarely | J13: Weather is short-term atmospheric conditions, while climate is long-term patterns over time. | K13: Public transportation (Bus, Train, shuttle, tram, etc.), Walking | N13: Somewhat Easy | O13: 26-30 students | P13: I did not grow up in the state of Utah | Q13: She is from California | R13: California
A14: 46163.747 | B14: 25+ | C14: Female | D14: Married | E14: California | F14: No | G14: NA | H14: No | I14: Rarely | J14: Weather is short-term atmospheric conditions, while climate is long-term patterns over time. | K14: Car | N14: Very Easy | O14: 21-25 students | P14: I did not grow up in the state of Utah | Q14: She is from California in America | R14: California
A15: 46163.753 | B15: 25+ | C15: Male | D15: Married | E15: California | F15: Yes | G15: Sydney Australia | H15: No | I15: Rarely | J15: Weather is short-term atmospheric conditions, while climate is long-term patterns over time. | K15: Car, Walking, Other | N15: Somewhat Easy | O15: 26-30 students | P15: I did not grow up in the state of Utah | Q15: He is from California in America | R15: California
A16: 46163.759 | B16: 25+ | C16: Female | D16: Single | E16: California | F16: No | G16: Na | H16: No | I16: Never | J16: Weather is short-term atmospheric conditions, while climate is long-term patterns over time. | K16: Car, Walking | N16: Somewhat Easy | O16: 31-35 students | P16: I did not grow up in the state of Utah | Q16: She is from California | R16: California
A17: 46163.762 | B17: 25+ | C17: Male | D17: Married | E17: Utah | F17: Yes | G17: Germany, Iraq | H17: No | I17: Often | J17: Not sure. | K17: Car, Walking, Other | N17: Neutral | O17: 21-25 students | P17: Provo | Q17: Provo | R17: Provo
A18: 46163.764 | B18: 21-22 | C18: Male | D18: Single | E18: Nevada | F18: Yes | G18: Japan and Bolivia | H18: Yes | I18: Sometimes | J18: Weather is short-term atmospheric conditions, while climate is long-term patterns over time. | K18: Car, Public transportation (Bus, Train, shuttle, tram, etc.), Walking | N18: Very Easy | O18: 21-25 students | P18: I did not grow up in the state of Utah | Q18: He's from Nevada state | R18: Nevada
A19: 46163.766 | B19: 25+ | C19: Male | D19: Married | E19: Ohio | F19: Yes | G19: Mexico and Nicaragua | H19: No | I19: Sometimes | J19: Weather is short-term atmospheric conditions, while climate is long-term patterns over time. | K19: Car, Walking, Other | N19: Somewhat Easy | O19: 21-25 students | P19: I did not grow up in the state of Utah | Q19: Ohio | R19: Ohio
A20: 46163.779 | B20: 19-20 | C20: Female | D20: Single | E20: Pennsylvania | F20: Yes | G20: N/a | H20: Yes | I20: Sometimes | J20: Weather is short-term atmospheric conditions, while climate is long-term patterns over time. | K20: Car, Walking, Rideshare (Uber/Lyft) | N20: Very Easy | O20: 26-30 students | P20: I did not grow up in the state of Utah | Q20: She's from Pennsylvania | R20: Pennsylvania
A21: 46163.784 | B21: 17-18 | C21: Female | D21: Single | E21: Utah | F21: No | G21: NA | H21: Yes | I21: Sometimes | J21: Weather is short-term atmospheric conditions, while climate is long-term patterns over time. | K21: Car, Public transportation (Bus, Train, shuttle, tram, etc.), Walking | N21: Somewhat Easy | O21: 26-30 students | P21: Davis | Q21: She was from Utah | R21: Davis
A22: 46163.784 | B22: 19-20 | C22: Female | D22: Single | E22: south carolina | F22: No | G22: n/a | H22: Yes | I22: Rarely | J22: Weather is short-term atmospheric conditions, while climate is long-term patterns over time. | K22: Car, Walking, Biking | N22: Somewhat Easy | O22: 21-25 students | P22: I did not grow up in the state of Utah | Q22: She was from the state of South Carolina | R22: South Carolina
A23: 46163.797 | B23: 25+ | C23: Female | D23: Married | E23: Utah | F23: No | G23: N/a | H23: No | I23: Rarely | J23: Weather is short-term atmospheric conditions, while climate is long-term patterns over time. | K23: Car, Walking, Rideshare (Uber/Lyft) | N23: Very Easy | O23: 31-35 students | P23: Salt Lake | Q23: She was from the state of Utah | R23: Salt Lake
... A38: 46163.903 | B38: 25+ | C38: Female | D38: Married | E38: Utah | F38: No | G38: N/A | H38: No | I38: Rarely | J38: Weather is short-term atmospheric conditions, while climate is long-term patterns over time. | K38: Car, Walking | N38: Very Easy | O38: 26-30 students | P38: Davis | Q38: She was from Utah | R38: Davis
A39: 46163.922 | B39: 21-22 | D39: Single | E39: Utah | F39: Yes | G39: Brazil | H39: Yes | I39: Sometimes | J39: Weather is short-term atmospheric conditions, while climate is long-term patterns over time. | K39: Car, Walking, Ridable (electric scooter, skateboard, etc.) | N39: Somewhat Easy | O39: 26-30 students | P39: American Fork | Q39: This person grew up in AF, despite temporarily living in Brazil | R39: American Fork
A40: 46163.929 | B40: 25+ | C40: Female | D40: Single | E40: California | F40: No | G40: None | H40: No | I40: Sometimes | J40: Weather only refers to temperature, while climate only refers to storms. | K40: Car | N40: Very Easy | O40: 26-30 students | P40: I did not grow up in the state of Utah | Q40: This lady is from California | R40: California
A41: 46163.946 | B41: 21-22 | C41: Female | D41: Single | E41: WA | F41: No | G41: Na | H41: Yes | I41: Sometimes | J41: Weather is short-term atmospheric conditions, while climate is long-term patterns over time. | K41: Car, Public transportation (Bus, Train, shuttle, tram, etc.), Walking | N41: Very Easy | O41: 21-25 students | P41: I did not grow up in the state of Utah | Q41: She is from Washington state and not Washington County | R41: Washington State
A42: 46163.951 | B42: 25+ | C42: Male | D42: Married | E42: California | F42: Yes | G42: Taiwan | H42: No | I42: Rarely | J42: Weather is short-term atmospheric conditions, while climate is long-term patterns over time. | K42: Car, Walking, Biking | N42: Very Easy | O42: 26-30 students | P42: I did not grow up in the state of Utah | Q42: He is from California, despite also putting Taiwan | R42: California
A43: 46163.952 | B43: 25+ | C43: Male | D43: Married | E43: Utah | F43: Yes | G43: Afghanistan and Iraq | H43: No | I43: Rarely | J43: Weather is short-term atmospheric conditions, while climate is long-term patterns over time. | K43: Car, Walking, Rideshare (Uber/Lyft) | N43: Very Easy | O43: 31-35 students | P43: Salt Lake | Q43: This guy's from Utah | R43: Salt Lake
A44: 46164.037 | B44: 19-20 | C44: Female | D44: Single | E44: Utah | F44: Yes | G44: n/a | H44: Yes | I44: Rarely | J44: Weather is short-term atmospheric conditions, while climate is long-term patterns over time. | K44: Car, Public transportation (Bus, Train, shuttle, tram, etc.), Walking | N44: Very Easy | O44: 31-35 students | P44: Orem | Q44: This lady is from Orem, Utah | R44: Orem
A45: 46164.077 | B45: 25+ | C45: Male | D45: Married | E45: California | F45: Yes | G45: Iraq and Spain | H45: Yes | I45: Often | J45: Weather is short-term atmospheric conditions, while climate is long-term patterns over time. | K45: Car, Walking, Biking | N45: Neutral | O45: 31-35 students | P45: Washington | Q45: He is from Utah, despite also putting California and Spain | R45: Washington
A46: 46164.188 | B46: 25+ | C46: Male | D46: Married | E46: Utah | F46: Yes | G46: Mexico, Iraq. Afghanistan | H46: No | I46: Rarely | J46: Weather is short-term atmospheric conditions, while climate is long-term patterns over time. | K46: Car, Walking | N46: Very Easy | O46: 21-25 students | P46: Salt Lake | Q46: We will use "Salt Lake" and not "Iraq" | R46: Salt Lake
A47: 46164.233 | B47: 21-22 | C47: Male | D47: Single | E47: I'm from Brazil | F47: Yes | G47: Portugal | H47: Yes | I47: Sometimes | J47: Weather is short-term atmospheric conditions, while climate is long-term patterns over time. | K47: Car, Public transportation (Bus, Train, shuttle, tram, etc.), Walking | N47: Very Easy | O47: 41-45 students | P47: I did not grow up in the state of Utah | Q47: Brazil and Portugal | R47: Foreign Country
A48: 46164.289 | B48: 25+ | C48: Female | D48: Single | E48: California | F48: Yes | G48: N/A | H48: No | I48: Rarely | J48: Weather is short-term atmospheric conditions, while climate is long-term patterns over time. | K48: Car | N48: Very Easy | O48: 16-20 students | P48: I did not grow up in the state of Utah | Q48: This lady was from California | R48: California
A49: 46164.331 | B49: 19-20 | C49: Female | D49: Single | E49: New York | F49: No | G49: N/A | H49: Yes | I49: Often | J49: Weather is short-term atmospheric conditions, while climate is long-term patterns over time. | K49: Car, Public transportation (Bus, Train, shuttle, tram, etc.), Walking | N49: Very Easy | O49: 26-30 students | P49: I did not grow up in the state of Utah | Q49: This lady was from New York | R49: New York
A50: 46164.351 | B50: 25+ | C50: Male | D50: Married | E50: California | F50: No | G50: N/A | H50: No | I50: Rarely | J50: Weather is short-term atmospheric conditions, while climate is long-term patterns over time. | K50: Car, Walking | N50: Somewhat Easy | O50: 26-30 students | P50: I did not grow up in the state of Utah | Q50: This guy was from California | R50: California
A51: 46164.357 | B51: 25+ | C51: Male | D51: Married | E51: Utah | F51: Yes | G51: Brazil, Iraq, Germany, Kosovo | H51: No | I51: Sometimes | J51: Weather is short-term atmospheric conditions, while climate is long-term patterns over time. | K51: Car, Walking | N51: Very Easy | O51: 31-35 students | P51: American Fork | Q51: We will use "Utah" and not "Iraq" | R51: American Fork
... A106: 46170.779 | B106: 25+ | C106: Male | D106: Married | E106: Utah | F106: Yes | G106: Portugal, Iraq, Camaroon | H106: No | I106: Rarely | J106: Weather is short-term atmospheric conditions, while climate is long-term patterns over time. | K106: Car, Walking, Rideshare (Uber/Lyft) | N106: Very Easy | O106: 31-35 students | P106: Salt Lake | Q106: We will use "Utah" instead of "Iraq" | R106: Salt Lake

Sheet Sheet2
A1: American Fork | B1: =1 -> 1 | C1: =_xlfn.CONCAT("if(d1=",$Q$16,A1,$Q$16,",",B1,",") -> if(d1="American Fork",1, | D1: =Sheet1!P2 -> Davis | E1: =IF(D1="American Fork",1,IF(D1="Beaver",2,IF(D1="Box Elder",3,IF(D1="Cache",4,IF(D1="Carbon",5,IF(D1="Daggett",6,IF(D1="Davis",7,IF(D1="Duchesne",8,IF(D1="Eagle Mountain",9,IF(D1="Emery",10,IF(D1="Garfield",11,IF(D1="Grand",12,IF(D1="Herriman",13,IF(D1="I did not grow up in the state of Utah",14,IF(D1="Iron",15,IF(D1="Juab",16,IF(D1="Kane",17,IF(D1="Layton",18,IF(D1="Lindon",19,IF(D1="Millard",20,IF(D1="Morgan",21,IF(D1="Ogden",22,IF(D1="Orem",23,IF(D1="Payson",24,IF(D1="Piute",25,IF(D1="Pleasant Grove",26,IF(D1="Provo",27,IF(D1="Rich",28,IF(D1="Salt Lake",29,IF(D1="San Juan",30,IF(D1="Sanpete",31,IF(D1="Saratoga Springs",32,IF(D1="Sevier",33,IF(D1="Springville",34,IF(D1="Summit",35,IF(D1="Tooele",36,IF(D1="Uintah",37,IF(D1="Wasatch",38,IF(D1="Washington",39,IF(D1="Wayne",40,41)))))))))))))))))))))))))))))))))))))))) -> 7 | G1: =Sheet1!O2 -> 26-30 students | J1: 5 | K1: =_xlfn.CONCAT(J1-4,"-",J1," students") -> 1-5 students | U1: County | Y1: County Code | AA1: Class Size | AC1: Class Size Code | AE1: Place of Origin | AI1: Place of Origin Summary | AL1: Place of Origin Code | AN1: Codes for Places of Origin
A2: Beaver | B2: =1+B1 -> 2 | C2: =_xlfn.CONCAT(C1,"if(d1=",$Q$16,A2,$Q$16,",",B2,",") -> if(d1="American Fork",1,if(d1="Beaver",2, | D2: =Sheet1!P3 -> Sanpete | E2: =IF(D2="American Fork",1,IF(D2="Beaver",2,IF(D2="Box Elder",3,IF(D2="Cache",4,IF(D2="Carbon",5,IF(D2="Daggett",6,IF(D2="Davis",7,IF(D2="Duchesne",8,IF(D2="Eagle Mountain",9,IF(D2="Emery",10,IF(D2="Garfield",11,IF(D2="Grand",12,IF(D2="Herriman",13,IF(D2="I did not grow up in the state of Utah",14,IF(D2="Iron",15,IF(D2="Juab",16,IF(D2="Kane",17,IF(D2="Layton",18,IF(D2="Lindon",19,IF(D2="Millard",20,IF(D2="Morgan",21,IF(D2="Ogden",22,IF(D2="Orem",23,IF(D2="Payson",24,IF(D2="Piute",25,IF(D2="Pleasant Grove",26,IF(D2="Provo",27,IF(D2="Rich",28,IF(D2="Salt Lake",29,IF(D2="San Juan",30,IF(D2="Sanpete",31,IF(D2="Saratoga Springs",32,IF(D2="Sevier",33,IF(D2="Springville",34,IF(D2="Summit",35,IF(D2="Tooele",36,IF(D2="Uintah",37,IF(D2="Wasatch",38,IF(D2="Washington",39,IF(D2="Wayne",40,41)))))))))))))))))))))))))))))))))))))))) -> 31 | G2: =Sheet1!O3 -> 26-30 students | J2: =J1+5 -> 10 | K2: =_xlfn.CONCAT(J2-4,"-",J2," students") -> 6-10 students | Q2: =_xlfn.CONCAT("if(ai2=",$Q$16,AO2,$Q$16,",",AN2,",",Q3,")") -> if(ai2="North East Utah County",1,if(ai2="South East Utah County",2,if(ai2="Western Utah County",3,if(ai2="Eastern Utah",4,if(ai2="Midwest Utah",5,if(ai2="Western Utah",6,if(ai2="North",7,if(ai2="South",8,if(ai2="East",9,if(ai2="West",10,if(ai2="Not From America",11,0))))))))))) | U2: =D1 -> Davis | Y2: =E1 -> 7 | AA2: =G1 -> 26-30 students | AC2: =_xlfn.FLOOR.MATH(J25/5+0.2) -> 6 | AE2: =Sheet1!R2 -> Davis | AI2: =IF(AE2="Weber","Eastern Utah",IF(AE2="Wayne","Eastern Utah",IF(AE2="Washington","Western Utah",IF(AE2="Wasatch","Eastern Utah",IF(AE2="Uintah","Eastern Utah",IF(AE2="Tooele","Midwest Utah",IF(AE2="Summit","Eastern Utah",IF(AE2="Springville","South East Utah County",IF(AE2="Sevier","Midwest Utah",IF(AE2="Saratoga Springs","North East Utah County",IF(AE2="Sanpete","Midwest Utah",IF(AE2="San Juan","Midwest Utah",IF(AE2="Salt Lake","Eastern Utah",IF(AE2="Rich","Eastern Utah",IF(AE2="Provo","Western Utah County",IF(AE2="Pleasant Grove","South East Utah County",IF(AE2="Piute","Midwest Utah",IF(AE2="Payson","South East Utah County",IF(AE2="Orem","South East Utah County",IF(AE2="Ogden","Western Utah County",IF(AE2="Morgan","Eastern Utah",IF(AE2="Millard","Midwest Utah",IF(AE2="Lindon","South East Utah County",IF(AE2="Layton","North East Utah County",IF(AE2="Kane","Western Utah",IF(AE2="Juab","Midwest Utah",IF(AE2="Iron","Western Utah",IF(AE2="I did not grow up in the state of Utah","South",IF(AE2="Herriman","Western Utah County",IF(AE2="Grand","Eastern Utah",IF(AE2="Garfield","Midwest Utah",IF(AE2="Emery","Eastern Utah",IF(AE2="Eagle Mountain","Western Utah County",IF(AE2="Duchesne","Eastern Utah",IF(AE2="Davis","Eastern Utah",IF(AE2="Daggett","Eastern Utah",IF(AE2="Carbon","Eastern Utah",IF(AE2="Cache","Midwest Utah",IF(AE2="Box Elder","Midwest Utah",IF(AE2="Beaver","Western Utah",IF(AE2="American Fork","North East Utah County",IF(AE2="Washington State","West",IF(AE2="Virginia","South",IF(AE2="Texas","South",IF(AE2="South Carolina","South",IF(AE2="Phoenix, Arizona","North",IF(AE2="Pennsylvania","East",IF(AE2="Ohio","North",IF(AE2="North Carolina","South",IF(AE2="New York","East",IF(AE2="New Jersey","East",IF(AE2="Nevada","West",IF(AE2="Massachusetts","East",IF(AE2="Lake Havasu, Arizona","West",IF(AE2="Iowa","North",IF(AE2="Idaho","West",IF(AE2="Hawaii","West",IF(AE2="Gilbert, Arizona","South",IF(AE2="Foreign Country","Not From America",IF(AE2="California","West",IF(AE2="Arkansas","North",IF(AE2="Alaska","West","x")))))))))))))))))))))))))))))))))))))))))))))))))))))))))))))) -> Eastern Utah | AL2: =IF(AI2="North East Utah County",1,IF(AI2="South East Utah County",2,IF(AI2="Western Utah County",3,IF(AI2="Eastern Utah",4,IF(AI2="Midwest Utah",5,IF(AI2="Western Utah",6,IF(AI2="North",7,IF(AI2="South",8,IF(AI2="East",9,IF(AI2="West",10,IF(AI2="Not From America",11,0))))))))))) -> 4 | AN2: 1 | AO2: North East Utah County
A3: Box Elder | B3: =1+B2 -> 3 | C3: =_xlfn.CONCAT(C2,"if(d1=",$Q$16,A3,$Q$16,",",B3,",") -> if(d1="American Fork",1,if(d1="Beaver",2,if(d1="Box Elder",3, | D3: =Sheet1!P4 -> I did not grow up in the state of Utah | E3: =IF(D3="American Fork",1,IF(D3="Beaver",2,IF(D3="Box Elder",3,IF(D3="Cache",4,IF(D3="Carbon",5,IF(D3="Daggett",6,IF(D3="Davis",7,IF(D3="Duchesne",8,IF(D3="Eagle Mountain",9,IF(D3="Emery",10,IF(D3="Garfield",11,IF(D3="Grand",12,IF(D3="Herriman",13,IF(D3="I did not grow up in the state of Utah",14,IF(D3="Iron",15,IF(D3="Juab",16,IF(D3="Kane",17,IF(D3="Layton",18,IF(D3="Lindon",19,IF(D3="Millard",20,IF(D3="Morgan",21,IF(D3="Ogden",22,IF(D3="Orem",23,IF(D3="Payson",24,IF(D3="Piute",25,IF(D3="Pleasant Grove",26,IF(D3="Provo",27,IF(D3="Rich",28,IF(D3="Salt Lake",29,IF(D3="San Juan",30,IF(D3="Sanpete",31,IF(D3="Saratoga Springs",32,IF(D3="Sevier",33,IF(D3="Springville",34,IF(D3="Summit",35,IF(D3="Tooele",36,IF(D3="Uintah",37,IF(D3="Wasatch",38,IF(D3="Washington",39,IF(D3="Wayne",40,41)))))))))))))))))))))))))))))))))))))))) -> 14 | G3: =Sheet1!O4 -> 26-30 students | J3: =J2+5 -> 15 | K3: =_xlfn.CONCAT(J3-4,"-",J3," students") -> 11-15 students | Q3: =_xlfn.CONCAT("if(ai2=",$Q$16,AO3,$Q$16,",",AN3,",",Q4,")") -> if(ai2="South East Utah County",2,if(ai2="Western Utah County",3,if(ai2="Eastern Utah",4,if(ai2="Midwest Utah",5,if(ai2="Western Utah",6,if(ai2="North",7,if(ai2="South",8,if(ai2="East",9,if(ai2="West",10,if(ai2="Not From America",11,0)))))))))) | U3: =D2 -> Sanpete | Y3: =E2 -> 31 | AA3: =G2 -> 26-30 students | AC3: =_xlfn.FLOOR.MATH(J26/5+0.2) -> 6 | AE3: =Sheet1!R3 -> Sanpete | AI3: =IF(AE3="Weber","Eastern Utah",IF(AE3="Wayne","Eastern Utah",IF(AE3="Washington","Western Utah",IF(AE3="Wasatch","Eastern Utah",IF(AE3="Uintah","Eastern Utah",IF(AE3="Tooele","Midwest Utah",IF(AE3="Summit","Eastern Utah",IF(AE3="Springville","South East Utah County",IF(AE3="Sevier","Midwest Utah",IF(AE3="Saratoga Springs","North East Utah County",IF(AE3="Sanpete","Midwest Utah",IF(AE3="San Juan","Midwest Utah",IF(AE3="Salt Lake","Eastern Utah",IF(AE3="Rich","Eastern Utah",IF(AE3="Provo","Western Utah County",IF(AE3="Pleasant Grove","South East Utah County",IF(AE3="Piute","Midwest Utah",IF(AE3="Payson","South East Utah County",IF(AE3="Orem","South East Utah County",IF(AE3="Ogden","Western Utah County",IF(AE3="Morgan","Eastern Utah",IF(AE3="Millard","Midwest Utah",IF(AE3="Lindon","South East Utah County",IF(AE3="Layton","North East Utah County",IF(AE3="Kane","Western Utah",IF(AE3="Juab","Midwest Utah",IF(AE3="Iron","Western Utah",IF(AE3="I did not grow up in the state of Utah","South",IF(AE3="Herriman","Western Utah County",IF(AE3="Grand","Eastern Utah",IF(AE3="Garfield","Midwest Utah",IF(AE3="Emery","Eastern Utah",IF(AE3="Eagle Mountain","Western Utah County",IF(AE3="Duchesne","Eastern Utah",IF(AE3="Davis","Eastern Utah",IF(AE3="Daggett","Eastern Utah",IF(AE3="Carbon","Eastern Utah",IF(AE3="Cache","Midwest Utah",IF(AE3="Box Elder","Midwest Utah",IF(AE3="Beaver","Western Utah",IF(AE3="American Fork","North East Utah County",IF(AE3="Washington State","West",IF(AE3="Virginia","South",IF(AE3="Texas","South",IF(AE3="South Carolina","South",IF(AE3="Phoenix, Arizona","North",IF(AE3="Pennsylvania","East",IF(AE3="Ohio","North",IF(AE3="North Carolina","South",IF(AE3="New York","East",IF(AE3="New Jersey","East",IF(AE3="Nevada","West",IF(AE3="Massachusetts","East",IF(AE3="Lake Havasu, Arizona","West",IF(AE3="Iowa","North",IF(AE3="Idaho","West",IF(AE3="Hawaii","West",IF(AE3="Gilbert, Arizona","South",IF(AE3="Foreign Country","Not From America",IF(AE3="California","West",IF(AE3="Arkansas","North",IF(AE3="Alaska","West","x")))))))))))))))))))))))))))))))))))))))))))))))))))))))))))))) -> Midwest Utah | AL3: =IF(AI3="North East Utah County",1,IF(AI3="South East Utah County",2,IF(AI3="Western Utah County",3,IF(AI3="Eastern Utah",4,IF(AI3="Midwest Utah",5,IF(AI3="Western Utah",6,IF(AI3="North",7,IF(AI3="South",8,IF(AI3="East",9,IF(AI3="West",10,IF(AI3="Not From America",11,0))))))))))) -> 5 | AN3: =1+AN2 -> 2 | AO3: South East Utah County
A4: Cache | B4: =1+B3 -> 4 | C4: =_xlfn.CONCAT(C3,"if(d1=",$Q$16,A4,$Q$16,",",B4,",") -> if(d1="American Fork",1,if(d1="Beaver",2,if(d1="Box Elder",3,if(d1="Cache",4, | D4: =Sheet1!P5 -> I did not grow up in the state of Utah | E4: =IF(D4="American Fork",1,IF(D4="Beaver",2,IF(D4="Box Elder",3,IF(D4="Cache",4,IF(D4="Carbon",5,IF(D4="Daggett",6,IF(D4="Davis",7,IF(D4="Duchesne",8,IF(D4="Eagle Mountain",9,IF(D4="Emery",10,IF(D4="Garfield",11,IF(D4="Grand",12,IF(D4="Herriman",13,IF(D4="I did not grow up in the state of Utah",14,IF(D4="Iron",15,IF(D4="Juab",16,IF(D4="Kane",17,IF(D4="Layton",18,IF(D4="Lindon",19,IF(D4="Millard",20,IF(D4="Morgan",21,IF(D4="Ogden",22,IF(D4="Orem",23,IF(D4="Payson",24,IF(D4="Piute",25,IF(D4="Pleasant Grove",26,IF(D4="Provo",27,IF(D4="Rich",28,IF(D4="Salt Lake",29,IF(D4="San Juan",30,IF(D4="Sanpete",31,IF(D4="Saratoga Springs",32,IF(D4="Sevier",33,IF(D4="Springville",34,IF(D4="Summit",35,IF(D4="Tooele",36,IF(D4="Uintah",37,IF(D4="Wasatch",38,IF(D4="Washington",39,IF(D4="Wayne",40,41)))))))))))))))))))))))))))))))))))))))) -> 14 | G4: =Sheet1!O5 -> 31-35 students | J4: =J3+5 -> 20 | K4: =_xlfn.CONCAT(J4-4,"-",J4," students") -> 16-20 students | Q4: =_xlfn.CONCAT("if(ai2=",$Q$16,AO4,$Q$16,",",AN4,",",Q5,")") -> if(ai2="Western Utah County",3,if(ai2="Eastern Utah",4,if(ai2="Midwest Utah",5,if(ai2="Western Utah",6,if(ai2="North",7,if(ai2="South",8,if(ai2="East",9,if(ai2="West",10,if(ai2="Not From America",11,0))))))))) | U4: =D3 -> I did not grow up in the state of Utah | Y4: =E3 -> 14 | AA4: =G3 -> 26-30 students | AC4: =_xlfn.FLOOR.MATH(J27/5+0.2) -> 6 | AE4: =Sheet1!R4 -> California | AI4: =IF(AE4="Weber","Eastern Utah",IF(AE4="Wayne","Eastern Utah",IF(AE4="Washington","Western Utah",IF(AE4="Wasatch","Eastern Utah",IF(AE4="Uintah","Eastern Utah",IF(AE4="Tooele","Midwest Utah",IF(AE4="Summit","Eastern Utah",IF(AE4="Springville","South East Utah County",IF(AE4="Sevier","Midwest Utah",IF(AE4="Saratoga Springs","North East Utah County",IF(AE4="Sanpete","Midwest Utah",IF(AE4="San Juan","Midwest Utah",IF(AE4="Salt Lake","Eastern Utah",IF(AE4="Rich","Eastern Utah",IF(AE4="Provo","Western Utah County",IF(AE4="Pleasant Grove","South East Utah County",IF(AE4="Piute","Midwest Utah",IF(AE4="Payson","South East Utah County",IF(AE4="Orem","South East Utah County",IF(AE4="Ogden","Western Utah County",IF(AE4="Morgan","Eastern Utah",IF(AE4="Millard","Midwest Utah",IF(AE4="Lindon","South East Utah County",IF(AE4="Layton","North East Utah County",IF(AE4="Kane","Western Utah",IF(AE4="Juab","Midwest Utah",IF(AE4="Iron","Western Utah",IF(AE4="I did not grow up in the state of Utah","South",IF(AE4="Herriman","Western Utah County",IF(AE4="Grand","Eastern Utah",IF(AE4="Garfield","Midwest Utah",IF(AE4="Emery","Eastern Utah",IF(AE4="Eagle Mountain","Western Utah County",IF(AE4="Duchesne","Eastern Utah",IF(AE4="Davis","Eastern Utah",IF(AE4="Daggett","Eastern Utah",IF(AE4="Carbon","Eastern Utah",IF(AE4="Cache","Midwest Utah",IF(AE4="Box Elder","Midwest Utah",IF(AE4="Beaver","Western Utah",IF(AE4="American Fork","North East Utah County",IF(AE4="Washington State","West",IF(AE4="Virginia","South",IF(AE4="Texas","South",IF(AE4="South Carolina","South",IF(AE4="Phoenix, Arizona","North",IF(AE4="Pennsylvania","East",IF(AE4="Ohio","North",IF(AE4="North Carolina","South",IF(AE4="New York","East",IF(AE4="New Jersey","East",IF(AE4="Nevada","West",IF(AE4="Massachusetts","East",IF(AE4="Lake Havasu, Arizona","West",IF(AE4="Iowa","North",IF(AE4="Idaho","West",IF(AE4="Hawaii","West",IF(AE4="Gilbert, Arizona","South",IF(AE4="Foreign Country","Not From America",IF(AE4="California","West",IF(AE4="Arkansas","North",IF(AE4="Alaska","West","x")))))))))))))))))))))))))))))))))))))))))))))))))))))))))))))) -> West | AL4: =IF(AI4="North East Utah County",1,IF(AI4="South East Utah County",2,IF(AI4="Western Utah County",3,IF(AI4="Eastern Utah",4,IF(AI4="Midwest Utah",5,IF(AI4="Western Utah",6,IF(AI4="North",7,IF(AI4="South",8,IF(AI4="East",9,IF(AI4="West",10,IF(AI4="Not From America",11,0))))))))))) -> 10 | AN4: =1+AN3 -> 3 | AO4: Western Utah County
A5: Carbon | B5: =1+B4 -> 5 | C5: =_xlfn.CONCAT(C4,"if(d1=",$Q$16,A5,$Q$16,",",B5,",") -> if(d1="American Fork",1,if(d1="Beaver",2,if(d1="Box Elder",3,if(d1="Cache",4,if(d1="Carbon",5, | D5: =Sheet1!P6 -> I did not grow up in the state of Utah | E5: =IF(D5="American Fork",1,IF(D5="Beaver",2,IF(D5="Box Elder",3,IF(D5="Cache",4,IF(D5="Carbon",5,IF(D5="Daggett",6,IF(D5="Davis",7,IF(D5="Duchesne",8,IF(D5="Eagle Mountain",9,IF(D5="Emery",10,IF(D5="Garfield",11,IF(D5="Grand",12,IF(D5="Herriman",13,IF(D5="I did not grow up in the state of Utah",14,IF(D5="Iron",15,IF(D5="Juab",16,IF(D5="Kane",17,IF(D5="Layton",18,IF(D5="Lindon",19,IF(D5="Millard",20,IF(D5="Morgan",21,IF(D5="Ogden",22,IF(D5="Orem",23,IF(D5="Payson",24,IF(D5="Piute",25,IF(D5="Pleasant Grove",26,IF(D5="Provo",27,IF(D5="Rich",28,IF(D5="Salt Lake",29,IF(D5="San Juan",30,IF(D5="Sanpete",31,IF(D5="Saratoga Springs",32,IF(D5="Sevier",33,IF(D5="Springville",34,IF(D5="Summit",35,IF(D5="Tooele",36,IF(D5="Uintah",37,IF(D5="Wasatch",38,IF(D5="Washington",39,IF(D5="Wayne",40,41)))))))))))))))))))))))))))))))))))))))) -> 14 | G5: =Sheet1!O6 -> 21-25 students | J5: =J4+5 -> 25 | K5: =_xlfn.CONCAT(J5-4,"-",J5," students") -> 21-25 students | Q5: =_xlfn.CONCAT("if(ai2=",$Q$16,AO5,$Q$16,",",AN5,",",Q6,")") -> if(ai2="Eastern Utah",4,if(ai2="Midwest Utah",5,if(ai2="Western Utah",6,if(ai2="North",7,if(ai2="South",8,if(ai2="East",9,if(ai2="West",10,if(ai2="Not From America",11,0)))))))) | U5: =D4 -> I did not grow up in the state of Utah | Y5: =E4 -> 14 | AA5: =G4 -> 31-35 students | AC5: =_xlfn.FLOOR.MATH(J28/5+0.2) -> 7 | AE5: =Sheet1!R5 -> California | AI5: =IF(AE5="Weber","Eastern Utah",IF(AE5="Wayne","Eastern Utah",IF(AE5="Washington","Western Utah",IF(AE5="Wasatch","Eastern Utah",IF(AE5="Uintah","Eastern Utah",IF(AE5="Tooele","Midwest Utah",IF(AE5="Summit","Eastern Utah",IF(AE5="Springville","South East Utah County",IF(AE5="Sevier","Midwest Utah",IF(AE5="Saratoga Springs","North East Utah County",IF(AE5="Sanpete","Midwest Utah",IF(AE5="San Juan","Midwest Utah",IF(AE5="Salt Lake","Eastern Utah",IF(AE5="Rich","Eastern Utah",IF(AE5="Provo","Western Utah County",IF(AE5="Pleasant Grove","South East Utah County",IF(AE5="Piute","Midwest Utah",IF(AE5="Payson","South East Utah County",IF(AE5="Orem","South East Utah County",IF(AE5="Ogden","Western Utah County",IF(AE5="Morgan","Eastern Utah",IF(AE5="Millard","Midwest Utah",IF(AE5="Lindon","South East Utah County",IF(AE5="Layton","North East Utah County",IF(AE5="Kane","Western Utah",IF(AE5="Juab","Midwest Utah",IF(AE5="Iron","Western Utah",IF(AE5="I did not grow up in the state of Utah","South",IF(AE5="Herriman","Western Utah County",IF(AE5="Grand","Eastern Utah",IF(AE5="Garfield","Midwest Utah",IF(AE5="Emery","Eastern Utah",IF(AE5="Eagle Mountain","Western Utah County",IF(AE5="Duchesne","Eastern Utah",IF(AE5="Davis","Eastern Utah",IF(AE5="Daggett","Eastern Utah",IF(AE5="Carbon","Eastern Utah",IF(AE5="Cache","Midwest Utah",IF(AE5="Box Elder","Midwest Utah",IF(AE5="Beaver","Western Utah",IF(AE5="American Fork","North East Utah County",IF(AE5="Washington State","West",IF(AE5="Virginia","South",IF(AE5="Texas","South",IF(AE5="South Carolina","South",IF(AE5="Phoenix, Arizona","North",IF(AE5="Pennsylvania","East",IF(AE5="Ohio","North",IF(AE5="North Carolina","South",IF(AE5="New York","East",IF(AE5="New Jersey","East",IF(AE5="Nevada","West",IF(AE5="Massachusetts","East",IF(AE5="Lake Havasu, Arizona","West",IF(AE5="Iowa","North",IF(AE5="Idaho","West",IF(AE5="Hawaii","West",IF(AE5="Gilbert, Arizona","South",IF(AE5="Foreign Country","Not From America",IF(AE5="California","West",IF(AE5="Arkansas","North",IF(AE5="Alaska","West","x")))))))))))))))))))))))))))))))))))))))))))))))))))))))))))))) -> West | AL5: =IF(AI5="North East Utah County",1,IF(AI5="South East Utah County",2,IF(AI5="Western Utah County",3,IF(AI5="Eastern Utah",4,IF(AI5="Midwest Utah",5,IF(AI5="Western Utah",6,IF(AI5="North",7,IF(AI5="South",8,IF(AI5="East",9,IF(AI5="West",10,IF(AI5="Not From America",11,0))))))))))) -> 10 | AN5: =1+AN4 -> 4 | AO5: Eastern Utah
A6: Daggett | B6: =1+B5 -> 6 | C6: =_xlfn.CONCAT(C5,"if(d1=",$Q$16,A6,$Q$16,",",B6,",") -> if(d1="American Fork",1,if(d1="Beaver",2,if(d1="Box Elder",3,if(d1="Cache",4,if(d1="Carbon",5,if(d1="Daggett",6, | D6: =Sheet1!P7 -> I did not grow up in the state of Utah | E6: =IF(D6="American Fork",1,IF(D6="Beaver",2,IF(D6="Box Elder",3,IF(D6="Cache",4,IF(D6="Carbon",5,IF(D6="Daggett",6,IF(D6="Davis",7,IF(D6="Duchesne",8,IF(D6="Eagle Mountain",9,IF(D6="Emery",10,IF(D6="Garfield",11,IF(D6="Grand",12,IF(D6="Herriman",13,IF(D6="I did not grow up in the state of Utah",14,IF(D6="Iron",15,IF(D6="Juab",16,IF(D6="Kane",17,IF(D6="Layton",18,IF(D6="Lindon",19,IF(D6="Millard",20,IF(D6="Morgan",21,IF(D6="Ogden",22,IF(D6="Orem",23,IF(D6="Payson",24,IF(D6="Piute",25,IF(D6="Pleasant Grove",26,IF(D6="Provo",27,IF(D6="Rich",28,IF(D6="Salt Lake",29,IF(D6="San Juan",30,IF(D6="Sanpete",31,IF(D6="Saratoga Springs",32,IF(D6="Sevier",33,IF(D6="Springville",34,IF(D6="Summit",35,IF(D6="Tooele",36,IF(D6="Uintah",37,IF(D6="Wasatch",38,IF(D6="Washington",39,IF(D6="Wayne",40,41)))))))))))))))))))))))))))))))))))))))) -> 14 | G6: =Sheet1!O7 -> 21-25 students | J6: =J5+5 -> 30 | K6: =_xlfn.CONCAT(J6-4,"-",J6," students") -> 26-30 students | Q6: =_xlfn.CONCAT("if(ai2=",$Q$16,AO6,$Q$16,",",AN6,",",Q7,")") -> if(ai2="Midwest Utah",5,if(ai2="Western Utah",6,if(ai2="North",7,if(ai2="South",8,if(ai2="East",9,if(ai2="West",10,if(ai2="Not From America",11,0))))))) | U6: =D5 -> I did not grow up in the state of Utah | Y6: =E5 -> 14 | AA6: =G5 -> 21-25 students | AC6: =_xlfn.FLOOR.MATH(J29/5+0.2) -> 5 | AE6: =Sheet1!R6 -> California | AI6: =IF(AE6="Weber","Eastern Utah",IF(AE6="Wayne","Eastern Utah",IF(AE6="Washington","Western Utah",IF(AE6="Wasatch","Eastern Utah",IF(AE6="Uintah","Eastern Utah",IF(AE6="Tooele","Midwest Utah",IF(AE6="Summit","Eastern Utah",IF(AE6="Springville","South East Utah County",IF(AE6="Sevier","Midwest Utah",IF(AE6="Saratoga Springs","North East Utah County",IF(AE6="Sanpete","Midwest Utah",IF(AE6="San Juan","Midwest Utah",IF(AE6="Salt Lake","Eastern Utah",IF(AE6="Rich","Eastern Utah",IF(AE6="Provo","Western Utah County",IF(AE6="Pleasant Grove","South East Utah County",IF(AE6="Piute","Midwest Utah",IF(AE6="Payson","South East Utah County",IF(AE6="Orem","South East Utah County",IF(AE6="Ogden","Western Utah County",IF(AE6="Morgan","Eastern Utah",IF(AE6="Millard","Midwest Utah",IF(AE6="Lindon","South East Utah County",IF(AE6="Layton","North East Utah County",IF(AE6="Kane","Western Utah",IF(AE6="Juab","Midwest Utah",IF(AE6="Iron","Western Utah",IF(AE6="I did not grow up in the state of Utah","South",IF(AE6="Herriman","Western Utah County",IF(AE6="Grand","Eastern Utah",IF(AE6="Garfield","Midwest Utah",IF(AE6="Emery","Eastern Utah",IF(AE6="Eagle Mountain","Western Utah County",IF(AE6="Duchesne","Eastern Utah",IF(AE6="Davis","Eastern Utah",IF(AE6="Daggett","Eastern Utah",IF(AE6="Carbon","Eastern Utah",IF(AE6="Cache","Midwest Utah",IF(AE6="Box Elder","Midwest Utah",IF(AE6="Beaver","Western Utah",IF(AE6="American Fork","North East Utah County",IF(AE6="Washington State","West",IF(AE6="Virginia","South",IF(AE6="Texas","South",IF(AE6="South Carolina","South",IF(AE6="Phoenix, Arizona","North",IF(AE6="Pennsylvania","East",IF(AE6="Ohio","North",IF(AE6="North Carolina","South",IF(AE6="New York","East",IF(AE6="New Jersey","East",IF(AE6="Nevada","West",IF(AE6="Massachusetts","East",IF(AE6="Lake Havasu, Arizona","West",IF(AE6="Iowa","North",IF(AE6="Idaho","West",IF(AE6="Hawaii","West",IF(AE6="Gilbert, Arizona","South",IF(AE6="Foreign Country","Not From America",IF(AE6="California","West",IF(AE6="Arkansas","North",IF(AE6="Alaska","West","x")))))))))))))))))))))))))))))))))))))))))))))))))))))))))))))) -> West | AL6: =IF(AI6="North East Utah County",1,IF(AI6="South East Utah County",2,IF(AI6="Western Utah County",3,IF(AI6="Eastern Utah",4,IF(AI6="Midwest Utah",5,IF(AI6="Western Utah",6,IF(AI6="North",7,IF(AI6="South",8,IF(AI6="East",9,IF(AI6="West",10,IF(AI6="Not From America",11,0))))))))))) -> 10 | AN6: =1+AN5 -> 5 | AO6: Midwest Utah
A7: Davis | B7: =1+B6 -> 7 | C7: =_xlfn.CONCAT(C6,"if(d1=",$Q$16,A7,$Q$16,",",B7,",") -> if(d1="American Fork",1,if(d1="Beaver",2,if(d1="Box Elder",3,if(d1="Cache",4,if(d1="Carbon",5,if(d1="Daggett",6,if(d1="Davis",7, | D7: =Sheet1!P8 -> I did not grow up in the state of Utah | E7: =IF(D7="American Fork",1,IF(D7="Beaver",2,IF(D7="Box Elder",3,IF(D7="Cache",4,IF(D7="Carbon",5,IF(D7="Daggett",6,IF(D7="Davis",7,IF(D7="Duchesne",8,IF(D7="Eagle Mountain",9,IF(D7="Emery",10,IF(D7="Garfield",11,IF(D7="Grand",12,IF(D7="Herriman",13,IF(D7="I did not grow up in the state of Utah",14,IF(D7="Iron",15,IF(D7="Juab",16,IF(D7="Kane",17,IF(D7="Layton",18,IF(D7="Lindon",19,IF(D7="Millard",20,IF(D7="Morgan",21,IF(D7="Ogden",22,IF(D7="Orem",23,IF(D7="Payson",24,IF(D7="Piute",25,IF(D7="Pleasant Grove",26,IF(D7="Provo",27,IF(D7="Rich",28,IF(D7="Salt Lake",29,IF(D7="San Juan",30,IF(D7="Sanpete",31,IF(D7="Saratoga Springs",32,IF(D7="Sevier",33,IF(D7="Springville",34,IF(D7="Summit",35,IF(D7="Tooele",36,IF(D7="Uintah",37,IF(D7="Wasatch",38,IF(D7="Washington",39,IF(D7="Wayne",40,41)))))))))))))))))))))))))))))))))))))))) -> 14 | G7: =Sheet1!O8 -> 26-30 students | J7: =J6+5 -> 35 | K7: =_xlfn.CONCAT(J7-4,"-",J7," students") -> 31-35 students | Q7: =_xlfn.CONCAT("if(ai2=",$Q$16,AO7,$Q$16,",",AN7,",",Q8,")") -> if(ai2="Western Utah",6,if(ai2="North",7,if(ai2="South",8,if(ai2="East",9,if(ai2="West",10,if(ai2="Not From America",11,0)))))) | U7: =D6 -> I did not grow up in the state of Utah | Y7: =E6 -> 14 | AA7: =G6 -> 21-25 students | AC7: =_xlfn.FLOOR.MATH(J30/5+0.2) -> 5 | AE7: =Sheet1!R7 -> New York | AI7: =IF(AE7="Weber","Eastern Utah",IF(AE7="Wayne","Eastern Utah",IF(AE7="Washington","Western Utah",IF(AE7="Wasatch","Eastern Utah",IF(AE7="Uintah","Eastern Utah",IF(AE7="Tooele","Midwest Utah",IF(AE7="Summit","Eastern Utah",IF(AE7="Springville","South East Utah County",IF(AE7="Sevier","Midwest Utah",IF(AE7="Saratoga Springs","North East Utah County",IF(AE7="Sanpete","Midwest Utah",IF(AE7="San Juan","Midwest Utah",IF(AE7="Salt Lake","Eastern Utah",IF(AE7="Rich","Eastern Utah",IF(AE7="Provo","Western Utah County",IF(AE7="Pleasant Grove","South East Utah County",IF(AE7="Piute","Midwest Utah",IF(AE7="Payson","South East Utah County",IF(AE7="Orem","South East Utah County",IF(AE7="Ogden","Western Utah County",IF(AE7="Morgan","Eastern Utah",IF(AE7="Millard","Midwest Utah",IF(AE7="Lindon","South East Utah County",IF(AE7="Layton","North East Utah County",IF(AE7="Kane","Western Utah",IF(AE7="Juab","Midwest Utah",IF(AE7="Iron","Western Utah",IF(AE7="I did not grow up in the state of Utah","South",IF(AE7="Herriman","Western Utah County",IF(AE7="Grand","Eastern Utah",IF(AE7="Garfield","Midwest Utah",IF(AE7="Emery","Eastern Utah",IF(AE7="Eagle Mountain","Western Utah County",IF(AE7="Duchesne","Eastern Utah",IF(AE7="Davis","Eastern Utah",IF(AE7="Daggett","Eastern Utah",IF(AE7="Carbon","Eastern Utah",IF(AE7="Cache","Midwest Utah",IF(AE7="Box Elder","Midwest Utah",IF(AE7="Beaver","Western Utah",IF(AE7="American Fork","North East Utah County",IF(AE7="Washington State","West",IF(AE7="Virginia","South",IF(AE7="Texas","South",IF(AE7="South Carolina","South",IF(AE7="Phoenix, Arizona","North",IF(AE7="Pennsylvania","East",IF(AE7="Ohio","North",IF(AE7="North Carolina","South",IF(AE7="New York","East",IF(AE7="New Jersey","East",IF(AE7="Nevada","West",IF(AE7="Massachusetts","East",IF(AE7="Lake Havasu, Arizona","West",IF(AE7="Iowa","North",IF(AE7="Idaho","West",IF(AE7="Hawaii","West",IF(AE7="Gilbert, Arizona","South",IF(AE7="Foreign Country","Not From America",IF(AE7="California","West",IF(AE7="Arkansas","North",IF(AE7="Alaska","West","x")))))))))))))))))))))))))))))))))))))))))))))))))))))))))))))) -> East | AL7: =IF(AI7="North East Utah County",1,IF(AI7="South East Utah County",2,IF(AI7="Western Utah County",3,IF(AI7="Eastern Utah",4,IF(AI7="Midwest Utah",5,IF(AI7="Western Utah",6,IF(AI7="North",7,IF(AI7="South",8,IF(AI7="East",9,IF(AI7="West",10,IF(AI7="Not From America",11,0))))))))))) -> 9 | AN7: =1+AN6 -> 6 | AO7: Western Utah
A8: Duchesne | B8: =1+B7 -> 8 | C8: =_xlfn.CONCAT(C7,"if(d1=",$Q$16,A8,$Q$16,",",B8,",") -> if(d1="American Fork",1,if(d1="Beaver",2,if(d1="Box Elder",3,if(d1="Cache",4,if(d1="Carbon",5,if(d1="Daggett",6,if(d1="Davis",7,if(d1="Duchesne",8, | D8: =Sheet1!P9 -> Salt Lake | E8: =IF(D8="American Fork",1,IF(D8="Beaver",2,IF(D8="Box Elder",3,IF(D8="Cache",4,IF(D8="Carbon",5,IF(D8="Daggett",6,IF(D8="Davis",7,IF(D8="Duchesne",8,IF(D8="Eagle Mountain",9,IF(D8="Emery",10,IF(D8="Garfield",11,IF(D8="Grand",12,IF(D8="Herriman",13,IF(D8="I did not grow up in the state of Utah",14,IF(D8="Iron",15,IF(D8="Juab",16,IF(D8="Kane",17,IF(D8="Layton",18,IF(D8="Lindon",19,IF(D8="Millard",20,IF(D8="Morgan",21,IF(D8="Ogden",22,IF(D8="Orem",23,IF(D8="Payson",24,IF(D8="Piute",25,IF(D8="Pleasant Grove",26,IF(D8="Provo",27,IF(D8="Rich",28,IF(D8="Salt Lake",29,IF(D8="San Juan",30,IF(D8="Sanpete",31,IF(D8="Saratoga Springs",32,IF(D8="Sevier",33,IF(D8="Springville",34,IF(D8="Summit",35,IF(D8="Tooele",36,IF(D8="Uintah",37,IF(D8="Wasatch",38,IF(D8="Washington",39,IF(D8="Wayne",40,41)))))))))))))))))))))))))))))))))))))))) -> 29 | G8: =Sheet1!O9 -> 16-20 students | J8: =J7+5 -> 40 | K8: =_xlfn.CONCAT(J8-4,"-",J8," students") -> 36-40 students | Q8: =_xlfn.CONCAT("if(ai2=",$Q$16,AO8,$Q$16,",",AN8,",",Q9,")") -> if(ai2="North",7,if(ai2="South",8,if(ai2="East",9,if(ai2="West",10,if(ai2="Not From America",11,0))))) | U8: =D7 -> I did not grow up in the state of Utah | Y8: =E7 -> 14 | AA8: =G7 -> 26-30 students | AC8: =_xlfn.FLOOR.MATH(J31/5+0.2) -> 6 | AE8: =Sheet1!R8 -> Foreign Country | AI8: =IF(AE8="Weber","Eastern Utah",IF(AE8="Wayne","Eastern Utah",IF(AE8="Washington","Western Utah",IF(AE8="Wasatch","Eastern Utah",IF(AE8="Uintah","Eastern Utah",IF(AE8="Tooele","Midwest Utah",IF(AE8="Summit","Eastern Utah",IF(AE8="Springville","South East Utah County",IF(AE8="Sevier","Midwest Utah",IF(AE8="Saratoga Springs","North East Utah County",IF(AE8="Sanpete","Midwest Utah",IF(AE8="San Juan","Midwest Utah",IF(AE8="Salt Lake","Eastern Utah",IF(AE8="Rich","Eastern Utah",IF(AE8="Provo","Western Utah County",IF(AE8="Pleasant Grove","South East Utah County",IF(AE8="Piute","Midwest Utah",IF(AE8="Payson","South East Utah County",IF(AE8="Orem","South East Utah County",IF(AE8="Ogden","Western Utah County",IF(AE8="Morgan","Eastern Utah",IF(AE8="Millard","Midwest Utah",IF(AE8="Lindon","South East Utah County",IF(AE8="Layton","North East Utah County",IF(AE8="Kane","Western Utah",IF(AE8="Juab","Midwest Utah",IF(AE8="Iron","Western Utah",IF(AE8="I did not grow up in the state of Utah","South",IF(AE8="Herriman","Western Utah County",IF(AE8="Grand","Eastern Utah",IF(AE8="Garfield","Midwest Utah",IF(AE8="Emery","Eastern Utah",IF(AE8="Eagle Mountain","Western Utah County",IF(AE8="Duchesne","Eastern Utah",IF(AE8="Davis","Eastern Utah",IF(AE8="Daggett","Eastern Utah",IF(AE8="Carbon","Eastern Utah",IF(AE8="Cache","Midwest Utah",IF(AE8="Box Elder","Midwest Utah",IF(AE8="Beaver","Western Utah",IF(AE8="American Fork","North East Utah County",IF(AE8="Washington State","West",IF(AE8="Virginia","South",IF(AE8="Texas","South",IF(AE8="South Carolina","South",IF(AE8="Phoenix, Arizona","North",IF(AE8="Pennsylvania","East",IF(AE8="Ohio","North",IF(AE8="North Carolina","South",IF(AE8="New York","East",IF(AE8="New Jersey","East",IF(AE8="Nevada","West",IF(AE8="Massachusetts","East",IF(AE8="Lake Havasu, Arizona","West",IF(AE8="Iowa","North",IF(AE8="Idaho","West",IF(AE8="Hawaii","West",IF(AE8="Gilbert, Arizona","South",IF(AE8="Foreign Country","Not From America",IF(AE8="California","West",IF(AE8="Arkansas","North",IF(AE8="Alaska","West","x")))))))))))))))))))))))))))))))))))))))))))))))))))))))))))))) -> Not From America | AL8: =IF(AI8="North East Utah County",1,IF(AI8="South East Utah County",2,IF(AI8="Western Utah County",3,IF(AI8="Eastern Utah",4,IF(AI8="Midwest Utah",5,IF(AI8="Western Utah",6,IF(AI8="North",7,IF(AI8="South",8,IF(AI8="East",9,IF(AI8="West",10,IF(AI8="Not From America",11,0))))))))))) -> 11 | AN8: =1+AN7 -> 7 | AO8: North
A9: Eagle Mountain | B9: =1+B8 -> 9 | C9: =_xlfn.CONCAT(C8,"if(d1=",$Q$16,A9,$Q$16,",",B9,",") -> if(d1="American Fork",1,if(d1="Beaver",2,if(d1="Box Elder",3,if(d1="Cache",4,if(d1="Carbon",5,if(d1="Daggett",6,if(d1="Davis",7,if(d1="Duchesne",8,if(d1="Eagle Mountain",9, | D9: =Sheet1!P10 -> I did not grow up in the state of Utah | E9: =IF(D9="American Fork",1,IF(D9="Beaver",2,IF(D9="Box Elder",3,IF(D9="Cache",4,IF(D9="Carbon",5,IF(D9="Daggett",6,IF(D9="Davis",7,IF(D9="Duchesne",8,IF(D9="Eagle Mountain",9,IF(D9="Emery",10,IF(D9="Garfield",11,IF(D9="Grand",12,IF(D9="Herriman",13,IF(D9="I did not grow up in the state of Utah",14,IF(D9="Iron",15,IF(D9="Juab",16,IF(D9="Kane",17,IF(D9="Layton",18,IF(D9="Lindon",19,IF(D9="Millard",20,IF(D9="Morgan",21,IF(D9="Ogden",22,IF(D9="Orem",23,IF(D9="Payson",24,IF(D9="Piute",25,IF(D9="Pleasant Grove",26,IF(D9="Provo",27,IF(D9="Rich",28,IF(D9="Salt Lake",29,IF(D9="San Juan",30,IF(D9="Sanpete",31,IF(D9="Saratoga Springs",32,IF(D9="Sevier",33,IF(D9="Springville",34,IF(D9="Summit",35,IF(D9="Tooele",36,IF(D9="Uintah",37,IF(D9="Wasatch",38,IF(D9="Washington",39,IF(D9="Wayne",40,41)))))))))))))))))))))))))))))))))))))))) -> 14 | G9: =Sheet1!O10 -> 26-30 students | J9: =J8+5 -> 45 | K9: =_xlfn.CONCAT(J9-4,"-",J9," students") -> 41-45 students | Q9: =_xlfn.CONCAT("if(ai2=",$Q$16,AO9,$Q$16,",",AN9,",",Q10,")") -> if(ai2="South",8,if(ai2="East",9,if(ai2="West",10,if(ai2="Not From America",11,0)))) | U9: =D8 -> Salt Lake | Y9: =E8 -> 29 | AA9: =G8 -> 16-20 students | AC9: =_xlfn.FLOOR.MATH(J32/5+0.2) -> 4 | AE9: =Sheet1!R9 -> Salt Lake | AI9: =IF(AE9="Weber","Eastern Utah",IF(AE9="Wayne","Eastern Utah",IF(AE9="Washington","Western Utah",IF(AE9="Wasatch","Eastern Utah",IF(AE9="Uintah","Eastern Utah",IF(AE9="Tooele","Midwest Utah",IF(AE9="Summit","Eastern Utah",IF(AE9="Springville","South East Utah County",IF(AE9="Sevier","Midwest Utah",IF(AE9="Saratoga Springs","North East Utah County",IF(AE9="Sanpete","Midwest Utah",IF(AE9="San Juan","Midwest Utah",IF(AE9="Salt Lake","Eastern Utah",IF(AE9="Rich","Eastern Utah",IF(AE9="Provo","Western Utah County",IF(AE9="Pleasant Grove","South East Utah County",IF(AE9="Piute","Midwest Utah",IF(AE9="Payson","South East Utah County",IF(AE9="Orem","South East Utah County",IF(AE9="Ogden","Western Utah County",IF(AE9="Morgan","Eastern Utah",IF(AE9="Millard","Midwest Utah",IF(AE9="Lindon","South East Utah County",IF(AE9="Layton","North East Utah County",IF(AE9="Kane","Western Utah",IF(AE9="Juab","Midwest Utah",IF(AE9="Iron","Western Utah",IF(AE9="I did not grow up in the state of Utah","South",IF(AE9="Herriman","Western Utah County",IF(AE9="Grand","Eastern Utah",IF(AE9="Garfield","Midwest Utah",IF(AE9="Emery","Eastern Utah",IF(AE9="Eagle Mountain","Western Utah County",IF(AE9="Duchesne","Eastern Utah",IF(AE9="Davis","Eastern Utah",IF(AE9="Daggett","Eastern Utah",IF(AE9="Carbon","Eastern Utah",IF(AE9="Cache","Midwest Utah",IF(AE9="Box Elder","Midwest Utah",IF(AE9="Beaver","Western Utah",IF(AE9="American Fork","North East Utah County",IF(AE9="Washington State","West",IF(AE9="Virginia","South",IF(AE9="Texas","South",IF(AE9="South Carolina","South",IF(AE9="Phoenix, Arizona","North",IF(AE9="Pennsylvania","East",IF(AE9="Ohio","North",IF(AE9="North Carolina","South",IF(AE9="New York","East",IF(AE9="New Jersey","East",IF(AE9="Nevada","West",IF(AE9="Massachusetts","East",IF(AE9="Lake Havasu, Arizona","West",IF(AE9="Iowa","North",IF(AE9="Idaho","West",IF(AE9="Hawaii","West",IF(AE9="Gilbert, Arizona","South",IF(AE9="Foreign Country","Not From America",IF(AE9="California","West",IF(AE9="Arkansas","North",IF(AE9="Alaska","West","x")))))))))))))))))))))))))))))))))))))))))))))))))))))))))))))) -> Eastern Utah | AL9: =IF(AI9="North East Utah County",1,IF(AI9="South East Utah County",2,IF(AI9="Western Utah County",3,IF(AI9="Eastern Utah",4,IF(AI9="Midwest Utah",5,IF(AI9="Western Utah",6,IF(AI9="North",7,IF(AI9="South",8,IF(AI9="East",9,IF(AI9="West",10,IF(AI9="Not From America",11,0))))))))))) -> 4 | AN9: =1+AN8 -> 8 | AO9: South
A10: Emery | B10: =1+B9 -> 10 | C10: =_xlfn.CONCAT(C9,"if(d1=",$Q$16,A10,$Q$16,",",B10,",") -> if(d1="American Fork",1,if(d1="Beaver",2,if(d1="Box Elder",3,if(d1="Cache",4,if(d1="Carbon",5,if(d1="Daggett",6,if(d1="Davis",7,if(d1="Duchesne",8,if(d1="Eagle Mountain",9,if(d1="Emery",10, | D10: =Sheet1!P11 -> I did not grow up in the state of Utah | E10: =IF(D10="American Fork",1,IF(D10="Beaver",2,IF(D10="Box Elder",3,IF(D10="Cache",4,IF(D10="Carbon",5,IF(D10="Daggett",6,IF(D10="Davis",7,IF(D10="Duchesne",8,IF(D10="Eagle Mountain",9,IF(D10="Emery",10,IF(D10="Garfield",11,IF(D10="Grand",12,IF(D10="Herriman",13,IF(D10="I did not grow up in the state of Utah",14,IF(D10="Iron",15,IF(D10="Juab",16,IF(D10="Kane",17,IF(D10="Layton",18,IF(D10="Lindon",19,IF(D10="Millard",20,IF(D10="Morgan",21,IF(D10="Ogden",22,IF(D10="Orem",23,IF(D10="Payson",24,IF(D10="Piute",25,IF(D10="Pleasant Grove",26,IF(D10="Provo",27,IF(D10="Rich",28,IF(D10="Salt Lake",29,IF(D10="San Juan",30,IF(D10="Sanpete",31,IF(D10="Saratoga Springs",32,IF(D10="Sevier",33,IF(D10="Springville",34,IF(D10="Summit",35,IF(D10="Tooele",36,IF(D10="Uintah",37,IF(D10="Wasatch",38,IF(D10="Washington",39,IF(D10="Wayne",40,41)))))))))))))))))))))))))))))))))))))))) -> 14 | G10: =Sheet1!O11 -> 26-30 students | J10: =J9+5 -> 50 | K10: =_xlfn.CONCAT(J10-4,"-",J10," students") -> 46-50 students | Q10: =_xlfn.CONCAT("if(ai2=",$Q$16,AO10,$Q$16,",",AN10,",",Q11,")") -> if(ai2="East",9,if(ai2="West",10,if(ai2="Not From America",11,0))) | U10: =D9 -> I did not grow up in the state of Utah | Y10: =E9 -> 14 | AA10: =G9 -> 26-30 students | AC10: =_xlfn.FLOOR.MATH(J33/5+0.2) -> 6 | AE10: =Sheet1!R10 -> Lake Havasu, Arizona | AI10: =IF(AE10="Weber","Eastern Utah",IF(AE10="Wayne","Eastern Utah",IF(AE10="Washington","Western Utah",IF(AE10="Wasatch","Eastern Utah",IF(AE10="Uintah","Eastern Utah",IF(AE10="Tooele","Midwest Utah",IF(AE10="Summit","Eastern Utah",IF(AE10="Springville","South East Utah County",IF(AE10="Sevier","Midwest Utah",IF(AE10="Saratoga Springs","North East Utah County",IF(AE10="Sanpete","Midwest Utah",IF(AE10="San Juan","Midwest Utah",IF(AE10="Salt Lake","Eastern Utah",IF(AE10="Rich","Eastern Utah",IF(AE10="Provo","Western Utah County",IF(AE10="Pleasant Grove","South East Utah County",IF(AE10="Piute","Midwest Utah",IF(AE10="Payson","South East Utah County",IF(AE10="Orem","South East Utah County",IF(AE10="Ogden","Western Utah County",IF(AE10="Morgan","Eastern Utah",IF(AE10="Millard","Midwest Utah",IF(AE10="Lindon","South East Utah County",IF(AE10="Layton","North East Utah County",IF(AE10="Kane","Western Utah",IF(AE10="Juab","Midwest Utah",IF(AE10="Iron","Western Utah",IF(AE10="I did not grow up in the state of Utah","South",IF(AE10="Herriman","Western Utah County",IF(AE10="Grand","Eastern Utah",IF(AE10="Garfield","Midwest Utah",IF(AE10="Emery","Eastern Utah",IF(AE10="Eagle Mountain","Western Utah County",IF(AE10="Duchesne","Eastern Utah",IF(AE10="Davis","Eastern Utah",IF(AE10="Daggett","Eastern Utah",IF(AE10="Carbon","Eastern Utah",IF(AE10="Cache","Midwest Utah",IF(AE10="Box Elder","Midwest Utah",IF(AE10="Beaver","Western Utah",IF(AE10="American Fork","North East Utah County",IF(AE10="Washington State","West",IF(AE10="Virginia","South",IF(AE10="Texas","South",IF(AE10="South Carolina","South",IF(AE10="Phoenix, Arizona","North",IF(AE10="Pennsylvania","East",IF(AE10="Ohio","North",IF(AE10="North Carolina","South",IF(AE10="New York","East",IF(AE10="New Jersey","East",IF(AE10="Nevada","West",IF(AE10="Massachusetts","East",IF(AE10="Lake Havasu, Arizona","West",IF(AE10="Iowa","North",IF(AE10="Idaho","West",IF(AE10="Hawaii","West",IF(AE10="Gilbert, Arizona","South",IF(AE10="Foreign Country","Not From America",IF(AE10="California","West",IF(AE10="Arkansas","North",IF(AE10="Alaska","West","x")))))))))))))))))))))))))))))))))))))))))))))))))))))))))))))) -> West | AL10: =IF(AI10="North East Utah County",1,IF(AI10="South East Utah County",2,IF(AI10="Western Utah County",3,IF(AI10="Eastern Utah",4,IF(AI10="Midwest Utah",5,IF(AI10="Western Utah",6,IF(AI10="North",7,IF(AI10="South",8,IF(AI10="East",9,IF(AI10="West",10,IF(AI10="Not From America",11,0))))))))))) -> 10 | AN10: =1+AN9 -> 9 | AO10: East
A11: Garfield | B11: =1+B10 -> 11 | C11: =_xlfn.CONCAT(C10,"if(d1=",$Q$16,A11,$Q$16,",",B11,",") -> if(d1="American Fork",1,if(d1="Beaver",2,if(d1="Box Elder",3,if(d1="Cache",4,if(d1="Carbon",5,if(d1="Daggett",6,if(d1="Davis",7,if(d1="Duchesne",8,if(d1="Eagle Mountain",9,if(d1="Emery",10,if(d1="Garfield",11, | D11: =Sheet1!P12 -> I did not grow up in the state of Utah | E11: =IF(D11="American Fork",1,IF(D11="Beaver",2,IF(D11="Box Elder",3,IF(D11="Cache",4,IF(D11="Carbon",5,IF(D11="Daggett",6,IF(D11="Davis",7,IF(D11="Duchesne",8,IF(D11="Eagle Mountain",9,IF(D11="Emery",10,IF(D11="Garfield",11,IF(D11="Grand",12,IF(D11="Herriman",13,IF(D11="I did not grow up in the state of Utah",14,IF(D11="Iron",15,IF(D11="Juab",16,IF(D11="Kane",17,IF(D11="Layton",18,IF(D11="Lindon",19,IF(D11="Millard",20,IF(D11="Morgan",21,IF(D11="Ogden",22,IF(D11="Orem",23,IF(D11="Payson",24,IF(D11="Piute",25,IF(D11="Pleasant Grove",26,IF(D11="Provo",27,IF(D11="Rich",28,IF(D11="Salt Lake",29,IF(D11="San Juan",30,IF(D11="Sanpete",31,IF(D11="Saratoga Springs",32,IF(D11="Sevier",33,IF(D11="Springville",34,IF(D11="Summit",35,IF(D11="Tooele",36,IF(D11="Uintah",37,IF(D11="Wasatch",38,IF(D11="Washington",39,IF(D11="Wayne",40,41)))))))))))))))))))))))))))))))))))))))) -> 14 | G11: =Sheet1!O12 -> 26-30 students | J11: =J10+5 -> 55 | K11: =AA101 -> 51 or more students | Q11: =_xlfn.CONCAT("if(ai2=",$Q$16,AO11,$Q$16,",",AN11,",",Q12,")") -> if(ai2="West",10,if(ai2="Not From America",11,0)) | U11: =D10 -> I did not grow up in the state of Utah | Y11: =E10 -> 14 | AA11: =G10 -> 26-30 students | AC11: =_xlfn.FLOOR.MATH(J34/5+0.2) -> 6 | AE11: =Sheet1!R11 -> New Jersey | AI11: =IF(AE11="Weber","Eastern Utah",IF(AE11="Wayne","Eastern Utah",IF(AE11="Washington","Western Utah",IF(AE11="Wasatch","Eastern Utah",IF(AE11="Uintah","Eastern Utah",IF(AE11="Tooele","Midwest Utah",IF(AE11="Summit","Eastern Utah",IF(AE11="Springville","South East Utah County",IF(AE11="Sevier","Midwest Utah",IF(AE11="Saratoga Springs","North East Utah County",IF(AE11="Sanpete","Midwest Utah",IF(AE11="San Juan","Midwest Utah",IF(AE11="Salt Lake","Eastern Utah",IF(AE11="Rich","Eastern Utah",IF(AE11="Provo","Western Utah County",IF(AE11="Pleasant Grove","South East Utah County",IF(AE11="Piute","Midwest Utah",IF(AE11="Payson","South East Utah County",IF(AE11="Orem","South East Utah County",IF(AE11="Ogden","Western Utah County",IF(AE11="Morgan","Eastern Utah",IF(AE11="Millard","Midwest Utah",IF(AE11="Lindon","South East Utah County",IF(AE11="Layton","North East Utah County",IF(AE11="Kane","Western Utah",IF(AE11="Juab","Midwest Utah",IF(AE11="Iron","Western Utah",IF(AE11="I did not grow up in the state of Utah","South",IF(AE11="Herriman","Western Utah County",IF(AE11="Grand","Eastern Utah",IF(AE11="Garfield","Midwest Utah",IF(AE11="Emery","Eastern Utah",IF(AE11="Eagle Mountain","Western Utah County",IF(AE11="Duchesne","Eastern Utah",IF(AE11="Davis","Eastern Utah",IF(AE11="Daggett","Eastern Utah",IF(AE11="Carbon","Eastern Utah",IF(AE11="Cache","Midwest Utah",IF(AE11="Box Elder","Midwest Utah",IF(AE11="Beaver","Western Utah",IF(AE11="American Fork","North East Utah County",IF(AE11="Washington State","West",IF(AE11="Virginia","South",IF(AE11="Texas","South",IF(AE11="South Carolina","South",IF(AE11="Phoenix, Arizona","North",IF(AE11="Pennsylvania","East",IF(AE11="Ohio","North",IF(AE11="North Carolina","South",IF(AE11="New York","East",IF(AE11="New Jersey","East",IF(AE11="Nevada","West",IF(AE11="Massachusetts","East",IF(AE11="Lake Havasu, Arizona","West",IF(AE11="Iowa","North",IF(AE11="Idaho","West",IF(AE11="Hawaii","West",IF(AE11="Gilbert, Arizona","South",IF(AE11="Foreign Country","Not From America",IF(AE11="California","West",IF(AE11="Arkansas","North",IF(AE11="Alaska","West","x")))))))))))))))))))))))))))))))))))))))))))))))))))))))))))))) -> East | AL11: =IF(AI11="North East Utah County",1,IF(AI11="South East Utah County",2,IF(AI11="Western Utah County",3,IF(AI11="Eastern Utah",4,IF(AI11="Midwest Utah",5,IF(AI11="Western Utah",6,IF(AI11="North",7,IF(AI11="South",8,IF(AI11="East",9,IF(AI11="West",10,IF(AI11="Not From America",11,0))))))))))) -> 9 | AN11: =1+AN10 -> 10 | AO11: West
A12: Grand | B12: =1+B11 -> 12 | C12: =_xlfn.CONCAT(C11,"if(d1=",$Q$16,A12,$Q$16,",",B12,",") -> if(d1="American Fork",1,if(d1="Beaver",2,if(d1="Box Elder",3,if(d1="Cache",4,if(d1="Carbon",5,if(d1="Daggett",6,if(d1="Davis",7,if(d1="Duchesne",8,if(d1="Eagle Mountain",9,if(d1="Emery",10,if(d1="Garfield",11,if(d1="Grand",12, | D12: =Sheet1!P13 -> I did not grow up in the state of Utah | E12: =IF(D12="American Fork",1,IF(D12="Beaver",2,IF(D12="Box Elder",3,IF(D12="Cache",4,IF(D12="Carbon",5,IF(D12="Daggett",6,IF(D12="Davis",7,IF(D12="Duchesne",8,IF(D12="Eagle Mountain",9,IF(D12="Emery",10,IF(D12="Garfield",11,IF(D12="Grand",12,IF(D12="Herriman",13,IF(D12="I did not grow up in the state of Utah",14,IF(D12="Iron",15,IF(D12="Juab",16,IF(D12="Kane",17,IF(D12="Layton",18,IF(D12="Lindon",19,IF(D12="Millard",20,IF(D12="Morgan",21,IF(D12="Ogden",22,IF(D12="Orem",23,IF(D12="Payson",24,IF(D12="Piute",25,IF(D12="Pleasant Grove",26,IF(D12="Provo",27,IF(D12="Rich",28,IF(D12="Salt Lake",29,IF(D12="San Juan",30,IF(D12="Sanpete",31,IF(D12="Saratoga Springs",32,IF(D12="Sevier",33,IF(D12="Springville",34,IF(D12="Summit",35,IF(D12="Tooele",36,IF(D12="Uintah",37,IF(D12="Wasatch",38,IF(D12="Washington",39,IF(D12="Wayne",40,41)))))))))))))))))))))))))))))))))))))))) -> 14 | G12: =Sheet1!O13 -> 26-30 students | J12: =_xlfn.CONCAT("if(g1=",$Q$16,K1,$Q$16,",",J1,",") -> if(g1="1-5 students",5, | K12: =")" -> ) | Q12: =_xlfn.CONCAT("if(ai2=",$Q$16,AO12,$Q$16,",",AN12,",0)") -> if(ai2="Not From America",11,0) | U12: =D11 -> I did not grow up in the state of Utah | Y12: =E11 -> 14 | AA12: =G11 -> 26-30 students | AC12: =_xlfn.FLOOR.MATH(J35/5+0.2) -> 6 | AE12: =Sheet1!R12 -> New York | AI12: =IF(AE12="Weber","Eastern Utah",IF(AE12="Wayne","Eastern Utah",IF(AE12="Washington","Western Utah",IF(AE12="Wasatch","Eastern Utah",IF(AE12="Uintah","Eastern Utah",IF(AE12="Tooele","Midwest Utah",IF(AE12="Summit","Eastern Utah",IF(AE12="Springville","South East Utah County",IF(AE12="Sevier","Midwest Utah",IF(AE12="Saratoga Springs","North East Utah County",IF(AE12="Sanpete","Midwest Utah",IF(AE12="San Juan","Midwest Utah",IF(AE12="Salt Lake","Eastern Utah",IF(AE12="Rich","Eastern Utah",IF(AE12="Provo","Western Utah County",IF(AE12="Pleasant Grove","South East Utah County",IF(AE12="Piute","Midwest Utah",IF(AE12="Payson","South East Utah County",IF(AE12="Orem","South East Utah County",IF(AE12="Ogden","Western Utah County",IF(AE12="Morgan","Eastern Utah",IF(AE12="Millard","Midwest Utah",IF(AE12="Lindon","South East Utah County",IF(AE12="Layton","North East Utah County",IF(AE12="Kane","Western Utah",IF(AE12="Juab","Midwest Utah",IF(AE12="Iron","Western Utah",IF(AE12="I did not grow up in the state of Utah","South",IF(AE12="Herriman","Western Utah County",IF(AE12="Grand","Eastern Utah",IF(AE12="Garfield","Midwest Utah",IF(AE12="Emery","Eastern Utah",IF(AE12="Eagle Mountain","Western Utah County",IF(AE12="Duchesne","Eastern Utah",IF(AE12="Davis","Eastern Utah",IF(AE12="Daggett","Eastern Utah",IF(AE12="Carbon","Eastern Utah",IF(AE12="Cache","Midwest Utah",IF(AE12="Box Elder","Midwest Utah",IF(AE12="Beaver","Western Utah",IF(AE12="American Fork","North East Utah County",IF(AE12="Washington State","West",IF(AE12="Virginia","South",IF(AE12="Texas","South",IF(AE12="South Carolina","South",IF(AE12="Phoenix, Arizona","North",IF(AE12="Pennsylvania","East",IF(AE12="Ohio","North",IF(AE12="North Carolina","South",IF(AE12="New York","East",IF(AE12="New Jersey","East",IF(AE12="Nevada","West",IF(AE12="Massachusetts","East",IF(AE12="Lake Havasu, Arizona","West",IF(AE12="Iowa","North",IF(AE12="Idaho","West",IF(AE12="Hawaii","West",IF(AE12="Gilbert, Arizona","South",IF(AE12="Foreign Country","Not From America",IF(AE12="California","West",IF(AE12="Arkansas","North",IF(AE12="Alaska","West","x")))))))))))))))))))))))))))))))))))))))))))))))))))))))))))))) -> East | AL12: =IF(AI12="North East Utah County",1,IF(AI12="South East Utah County",2,IF(AI12="Western Utah County",3,IF(AI12="Eastern Utah",4,IF(AI12="Midwest Utah",5,IF(AI12="Western Utah",6,IF(AI12="North",7,IF(AI12="South",8,IF(AI12="East",9,IF(AI12="West",10,IF(AI12="Not From America",11,0))))))))))) -> 9 | AN12: =1+AN11 -> 11 | AO12: Not From America
A13: Herriman | B13: =1+B12 -> 13 | C13: =_xlfn.CONCAT(C12,"if(d1=",$Q$16,A13,$Q$16,",",B13,",") -> if(d1="American Fork",1,if(d1="Beaver",2,if(d1="Box Elder",3,if(d1="Cache",4,if(d1="Carbon",5,if(d1="Daggett",6,if(d1="Davis",7,if(d1="Duchesne",8,if(d1="Eagle Mountain",9,if(d1="Emery",10,if(d1="Garfield",11,if(d1="Grand",12,if(d1="Herriman",13, | D13: =Sheet1!P14 -> I did not grow up in the state of Utah | E13: =IF(D13="American Fork",1,IF(D13="Beaver",2,IF(D13="Box Elder",3,IF(D13="Cache",4,IF(D13="Carbon",5,IF(D13="Daggett",6,IF(D13="Davis",7,IF(D13="Duchesne",8,IF(D13="Eagle Mountain",9,IF(D13="Emery",10,IF(D13="Garfield",11,IF(D13="Grand",12,IF(D13="Herriman",13,IF(D13="I did not grow up in the state of Utah",14,IF(D13="Iron",15,IF(D13="Juab",16,IF(D13="Kane",17,IF(D13="Layton",18,IF(D13="Lindon",19,IF(D13="Millard",20,IF(D13="Morgan",21,IF(D13="Ogden",22,IF(D13="Orem",23,IF(D13="Payson",24,IF(D13="Piute",25,IF(D13="Pleasant Grove",26,IF(D13="Provo",27,IF(D13="Rich",28,IF(D13="Salt Lake",29,IF(D13="San Juan",30,IF(D13="Sanpete",31,IF(D13="Saratoga Springs",32,IF(D13="Sevier",33,IF(D13="Springville",34,IF(D13="Summit",35,IF(D13="Tooele",36,IF(D13="Uintah",37,IF(D13="Wasatch",38,IF(D13="Washington",39,IF(D13="Wayne",40,41)))))))))))))))))))))))))))))))))))))))) -> 14 | G13: =Sheet1!O14 -> 21-25 students | J13: =_xlfn.CONCAT(J12,"if(g1=",$Q$16,K2,$Q$16,",",J2,",") -> if(g1="1-5 students",5,if(g1="6-10 students",10, | K13: =_xlfn.CONCAT(K12,")") -> )) | U13: =D12 -> I did not grow up in the state of Utah | Y13: =E12 -> 14 | AA13: =G12 -> 26-30 students | AC13: =_xlfn.FLOOR.MATH(J36/5+0.2) -> 6 | AE13: =Sheet1!R13 -> California | AI13: =IF(AE13="Weber","Eastern Utah",IF(AE13="Wayne","Eastern Utah",IF(AE13="Washington","Western Utah",IF(AE13="Wasatch","Eastern Utah",IF(AE13="Uintah","Eastern Utah",IF(AE13="Tooele","Midwest Utah",IF(AE13="Summit","Eastern Utah",IF(AE13="Springville","South East Utah County",IF(AE13="Sevier","Midwest Utah",IF(AE13="Saratoga Springs","North East Utah County",IF(AE13="Sanpete","Midwest Utah",IF(AE13="San Juan","Midwest Utah",IF(AE13="Salt Lake","Eastern Utah",IF(AE13="Rich","Eastern Utah",IF(AE13="Provo","Western Utah County",IF(AE13="Pleasant Grove","South East Utah County",IF(AE13="Piute","Midwest Utah",IF(AE13="Payson","South East Utah County",IF(AE13="Orem","South East Utah County",IF(AE13="Ogden","Western Utah County",IF(AE13="Morgan","Eastern Utah",IF(AE13="Millard","Midwest Utah",IF(AE13="Lindon","South East Utah County",IF(AE13="Layton","North East Utah County",IF(AE13="Kane","Western Utah",IF(AE13="Juab","Midwest Utah",IF(AE13="Iron","Western Utah",IF(AE13="I did not grow up in the state of Utah","South",IF(AE13="Herriman","Western Utah County",IF(AE13="Grand","Eastern Utah",IF(AE13="Garfield","Midwest Utah",IF(AE13="Emery","Eastern Utah",IF(AE13="Eagle Mountain","Western Utah County",IF(AE13="Duchesne","Eastern Utah",IF(AE13="Davis","Eastern Utah",IF(AE13="Daggett","Eastern Utah",IF(AE13="Carbon","Eastern Utah",IF(AE13="Cache","Midwest Utah",IF(AE13="Box Elder","Midwest Utah",IF(AE13="Beaver","Western Utah",IF(AE13="American Fork","North East Utah County",IF(AE13="Washington State","West",IF(AE13="Virginia","South",IF(AE13="Texas","South",IF(AE13="South Carolina","South",IF(AE13="Phoenix, Arizona","North",IF(AE13="Pennsylvania","East",IF(AE13="Ohio","North",IF(AE13="North Carolina","South",IF(AE13="New York","East",IF(AE13="New Jersey","East",IF(AE13="Nevada","West",IF(AE13="Massachusetts","East",IF(AE13="Lake Havasu, Arizona","West",IF(AE13="Iowa","North",IF(AE13="Idaho","West",IF(AE13="Hawaii","West",IF(AE13="Gilbert, Arizona","South",IF(AE13="Foreign Country","Not From America",IF(AE13="California","West",IF(AE13="Arkansas","North",IF(AE13="Alaska","West","x")))))))))))))))))))))))))))))))))))))))))))))))))))))))))))))) -> West | AL13: =IF(AI13="North East Utah County",1,IF(AI13="South East Utah County",2,IF(AI13="Western Utah County",3,IF(AI13="Eastern Utah",4,IF(AI13="Midwest Utah",5,IF(AI13="Western Utah",6,IF(AI13="North",7,IF(AI13="South",8,IF(AI13="East",9,IF(AI13="West",10,IF(AI13="Not From America",11,0))))))))))) -> 10
A14: I did not grow up in the state of Utah | B14: =1+B13 -> 14 | C14: =_xlfn.CONCAT(C13,"if(d1=",$Q$16,A14,$Q$16,",",B14,",") -> if(d1="American Fork",1,if(d1="Beaver",2,if(d1="Box Elder",3,if(d1="Cache",4,if(d1="Carbon",5,if(d1="Daggett",6,if(d1="Davis",7,if(d1="Duchesne",8,if(d1="Eagle Mountain",9,if(d1="Emery",10,if(d1="Garfield",11,if(d1="Grand",12,if(d1="Herriman",13,if(d1="I did not grow up in the state of Utah",14, | D14: =Sheet1!P15 -> I did not grow up in the state of Utah | E14: =IF(D14="American Fork",1,IF(D14="Beaver",2,IF(D14="Box Elder",3,IF(D14="Cache",4,IF(D14="Carbon",5,IF(D14="Daggett",6,IF(D14="Davis",7,IF(D14="Duchesne",8,IF(D14="Eagle Mountain",9,IF(D14="Emery",10,IF(D14="Garfield",11,IF(D14="Grand",12,IF(D14="Herriman",13,IF(D14="I did not grow up in the state of Utah",14,IF(D14="Iron",15,IF(D14="Juab",16,IF(D14="Kane",17,IF(D14="Layton",18,IF(D14="Lindon",19,IF(D14="Millard",20,IF(D14="Morgan",21,IF(D14="Ogden",22,IF(D14="Orem",23,IF(D14="Payson",24,IF(D14="Piute",25,IF(D14="Pleasant Grove",26,IF(D14="Provo",27,IF(D14="Rich",28,IF(D14="Salt Lake",29,IF(D14="San Juan",30,IF(D14="Sanpete",31,IF(D14="Saratoga Springs",32,IF(D14="Sevier",33,IF(D14="Springville",34,IF(D14="Summit",35,IF(D14="Tooele",36,IF(D14="Uintah",37,IF(D14="Wasatch",38,IF(D14="Washington",39,IF(D14="Wayne",40,41)))))))))))))))))))))))))))))))))))))))) -> 14 | G14: =Sheet1!O15 -> 26-30 students | J14: =_xlfn.CONCAT(J13,"if(g1=",$Q$16,K3,$Q$16,",",J3,",") -> if(g1="1-5 students",5,if(g1="6-10 students",10,if(g1="11-15 students",15, | K14: =_xlfn.CONCAT(K13,")") -> ))) | U14: =D13 -> I did not grow up in the state of Utah | Y14: =E13 -> 14 | AA14: =G13 -> 21-25 students | AC14: =_xlfn.FLOOR.MATH(J37/5+0.2) -> 5 | AE14: =Sheet1!R14 -> California | AI14: =IF(AE14="Weber","Eastern Utah",IF(AE14="Wayne","Eastern Utah",IF(AE14="Washington","Western Utah",IF(AE14="Wasatch","Eastern Utah",IF(AE14="Uintah","Eastern Utah",IF(AE14="Tooele","Midwest Utah",IF(AE14="Summit","Eastern Utah",IF(AE14="Springville","South East Utah County",IF(AE14="Sevier","Midwest Utah",IF(AE14="Saratoga Springs","North East Utah County",IF(AE14="Sanpete","Midwest Utah",IF(AE14="San Juan","Midwest Utah",IF(AE14="Salt Lake","Eastern Utah",IF(AE14="Rich","Eastern Utah",IF(AE14="Provo","Western Utah County",IF(AE14="Pleasant Grove","South East Utah County",IF(AE14="Piute","Midwest Utah",IF(AE14="Payson","South East Utah County",IF(AE14="Orem","South East Utah County",IF(AE14="Ogden","Western Utah County",IF(AE14="Morgan","Eastern Utah",IF(AE14="Millard","Midwest Utah",IF(AE14="Lindon","South East Utah County",IF(AE14="Layton","North East Utah County",IF(AE14="Kane","Western Utah",IF(AE14="Juab","Midwest Utah",IF(AE14="Iron","Western Utah",IF(AE14="I did not grow up in the state of Utah","South",IF(AE14="Herriman","Western Utah County",IF(AE14="Grand","Eastern Utah",IF(AE14="Garfield","Midwest Utah",IF(AE14="Emery","Eastern Utah",IF(AE14="Eagle Mountain","Western Utah County",IF(AE14="Duchesne","Eastern Utah",IF(AE14="Davis","Eastern Utah",IF(AE14="Daggett","Eastern Utah",IF(AE14="Carbon","Eastern Utah",IF(AE14="Cache","Midwest Utah",IF(AE14="Box Elder","Midwest Utah",IF(AE14="Beaver","Western Utah",IF(AE14="American Fork","North East Utah County",IF(AE14="Washington State","West",IF(AE14="Virginia","South",IF(AE14="Texas","South",IF(AE14="South Carolina","South",IF(AE14="Phoenix, Arizona","North",IF(AE14="Pennsylvania","East",IF(AE14="Ohio","North",IF(AE14="North Carolina","South",IF(AE14="New York","East",IF(AE14="New Jersey","East",IF(AE14="Nevada","West",IF(AE14="Massachusetts","East",IF(AE14="Lake Havasu, Arizona","West",IF(AE14="Iowa","North",IF(AE14="Idaho","West",IF(AE14="Hawaii","West",IF(AE14="Gilbert, Arizona","South",IF(AE14="Foreign Country","Not From America",IF(AE14="California","West",IF(AE14="Arkansas","North",IF(AE14="Alaska","West","x")))))))))))))))))))))))))))))))))))))))))))))))))))))))))))))) -> West | AL14: =IF(AI14="North East Utah County",1,IF(AI14="South East Utah County",2,IF(AI14="Western Utah County",3,IF(AI14="Eastern Utah",4,IF(AI14="Midwest Utah",5,IF(AI14="Western Utah",6,IF(AI14="North",7,IF(AI14="South",8,IF(AI14="East",9,IF(AI14="West",10,IF(AI14="Not From America",11,0))))))))))) -> 10
A15: Iron | B15: =1+B14 -> 15 | C15: =_xlfn.CONCAT(C14,"if(d1=",$Q$16,A15,$Q$16,",",B15,",") -> if(d1="American Fork",1,if(d1="Beaver",2,if(d1="Box Elder",3,if(d1="Cache",4,if(d1="Carbon",5,if(d1="Daggett",6,if(d1="Davis",7,if(d1="Duchesne",8,if(d1="Eagle Mountain",9,if(d1="Emery",10,if(d1="Garfield",11,if(d1="Grand",12,if(d1="Herriman",13,if(d1="I did not grow up in the state of Utah",14,if(d1="Iron",15, | D15: =Sheet1!P16 -> I did not grow up in the state of Utah | E15: =IF(D15="American Fork",1,IF(D15="Beaver",2,IF(D15="Box Elder",3,IF(D15="Cache",4,IF(D15="Carbon",5,IF(D15="Daggett",6,IF(D15="Davis",7,IF(D15="Duchesne",8,IF(D15="Eagle Mountain",9,IF(D15="Emery",10,IF(D15="Garfield",11,IF(D15="Grand",12,IF(D15="Herriman",13,IF(D15="I did not grow up in the state of Utah",14,IF(D15="Iron",15,IF(D15="Juab",16,IF(D15="Kane",17,IF(D15="Layton",18,IF(D15="Lindon",19,IF(D15="Millard",20,IF(D15="Morgan",21,IF(D15="Ogden",22,IF(D15="Orem",23,IF(D15="Payson",24,IF(D15="Piute",25,IF(D15="Pleasant Grove",26,IF(D15="Provo",27,IF(D15="Rich",28,IF(D15="Salt Lake",29,IF(D15="San Juan",30,IF(D15="Sanpete",31,IF(D15="Saratoga Springs",32,IF(D15="Sevier",33,IF(D15="Springville",34,IF(D15="Summit",35,IF(D15="Tooele",36,IF(D15="Uintah",37,IF(D15="Wasatch",38,IF(D15="Washington",39,IF(D15="Wayne",40,41)))))))))))))))))))))))))))))))))))))))) -> 14 | G15: =Sheet1!O16 -> 31-35 students | J15: =_xlfn.CONCAT(J14,"if(g1=",$Q$16,K4,$Q$16,",",J4,",") -> if(g1="1-5 students",5,if(g1="6-10 students",10,if(g1="11-15 students",15,if(g1="16-20 students",20, | K15: =_xlfn.CONCAT(K14,")") -> )))) | U15: =D14 -> I did not grow up in the state of Utah | Y15: =E14 -> 14 | AA15: =G14 -> 26-30 students | AC15: =_xlfn.FLOOR.MATH(J38/5+0.2) -> 6 | AE15: =Sheet1!R15 -> California | AI15: =IF(AE15="Weber","Eastern Utah",IF(AE15="Wayne","Eastern Utah",IF(AE15="Washington","Western Utah",IF(AE15="Wasatch","Eastern Utah",IF(AE15="Uintah","Eastern Utah",IF(AE15="Tooele","Midwest Utah",IF(AE15="Summit","Eastern Utah",IF(AE15="Springville","South East Utah County",IF(AE15="Sevier","Midwest Utah",IF(AE15="Saratoga Springs","North East Utah County",IF(AE15="Sanpete","Midwest Utah",IF(AE15="San Juan","Midwest Utah",IF(AE15="Salt Lake","Eastern Utah",IF(AE15="Rich","Eastern Utah",IF(AE15="Provo","Western Utah County",IF(AE15="Pleasant Grove","South East Utah County",IF(AE15="Piute","Midwest Utah",IF(AE15="Payson","South East Utah County",IF(AE15="Orem","South East Utah County",IF(AE15="Ogden","Western Utah County",IF(AE15="Morgan","Eastern Utah",IF(AE15="Millard","Midwest Utah",IF(AE15="Lindon","South East Utah County",IF(AE15="Layton","North East Utah County",IF(AE15="Kane","Western Utah",IF(AE15="Juab","Midwest Utah",IF(AE15="Iron","Western Utah",IF(AE15="I did not grow up in the state of Utah","South",IF(AE15="Herriman","Western Utah County",IF(AE15="Grand","Eastern Utah",IF(AE15="Garfield","Midwest Utah",IF(AE15="Emery","Eastern Utah",IF(AE15="Eagle Mountain","Western Utah County",IF(AE15="Duchesne","Eastern Utah",IF(AE15="Davis","Eastern Utah",IF(AE15="Daggett","Eastern Utah",IF(AE15="Carbon","Eastern Utah",IF(AE15="Cache","Midwest Utah",IF(AE15="Box Elder","Midwest Utah",IF(AE15="Beaver","Western Utah",IF(AE15="American Fork","North East Utah County",IF(AE15="Washington State","West",IF(AE15="Virginia","South",IF(AE15="Texas","South",IF(AE15="South Carolina","South",IF(AE15="Phoenix, Arizona","North",IF(AE15="Pennsylvania","East",IF(AE15="Ohio","North",IF(AE15="North Carolina","South",IF(AE15="New York","East",IF(AE15="New Jersey","East",IF(AE15="Nevada","West",IF(AE15="Massachusetts","East",IF(AE15="Lake Havasu, Arizona","West",IF(AE15="Iowa","North",IF(AE15="Idaho","West",IF(AE15="Hawaii","West",IF(AE15="Gilbert, Arizona","South",IF(AE15="Foreign Country","Not From America",IF(AE15="California","West",IF(AE15="Arkansas","North",IF(AE15="Alaska","West","x")))))))))))))))))))))))))))))))))))))))))))))))))))))))))))))) -> West | AL15: =IF(AI15="North East Utah County",1,IF(AI15="South East Utah County",2,IF(AI15="Western Utah County",3,IF(AI15="Eastern Utah",4,IF(AI15="Midwest Utah",5,IF(AI15="Western Utah",6,IF(AI15="North",7,IF(AI15="South",8,IF(AI15="East",9,IF(AI15="West",10,IF(AI15="Not From America",11,0))))))))))) -> 10
A16: Juab | B16: =1+B15 -> 16 | C16: =_xlfn.CONCAT(C15,"if(d1=",$Q$16,A16,$Q$16,",",B16,",") -> if(d1="American Fork",1,if(d1="Beaver",2,if(d1="Box Elder",3,if(d1="Cache",4,if(d1="Carbon",5,if(d1="Daggett",6,if(d1="Davis",7,if(d1="Duchesne",8,if(d1="Eagle Mountain",9,if(d1="Emery",10,if(d1="Garfield",11,if(d1="Grand",12,if(d1="Herriman",13,if(d1="I did not grow up in the state of Utah",14,if(d1="Iron",15,if(d1="Juab",16, | D16: =Sheet1!P17 -> Provo | E16: =IF(D16="American Fork",1,IF(D16="Beaver",2,IF(D16="Box Elder",3,IF(D16="Cache",4,IF(D16="Carbon",5,IF(D16="Daggett",6,IF(D16="Davis",7,IF(D16="Duchesne",8,IF(D16="Eagle Mountain",9,IF(D16="Emery",10,IF(D16="Garfield",11,IF(D16="Grand",12,IF(D16="Herriman",13,IF(D16="I did not grow up in the state of Utah",14,IF(D16="Iron",15,IF(D16="Juab",16,IF(D16="Kane",17,IF(D16="Layton",18,IF(D16="Lindon",19,IF(D16="Millard",20,IF(D16="Morgan",21,IF(D16="Ogden",22,IF(D16="Orem",23,IF(D16="Payson",24,IF(D16="Piute",25,IF(D16="Pleasant Grove",26,IF(D16="Provo",27,IF(D16="Rich",28,IF(D16="Salt Lake",29,IF(D16="San Juan",30,IF(D16="Sanpete",31,IF(D16="Saratoga Springs",32,IF(D16="Sevier",33,IF(D16="Springville",34,IF(D16="Summit",35,IF(D16="Tooele",36,IF(D16="Uintah",37,IF(D16="Wasatch",38,IF(D16="Washington",39,IF(D16="Wayne",40,41)))))))))))))))))))))))))))))))))))))))) -> 27 | G16: =Sheet1!O17 -> 21-25 students | J16: =_xlfn.CONCAT(J15,"if(g1=",$Q$16,K5,$Q$16,",",J5,",") -> if(g1="1-5 students",5,if(g1="6-10 students",10,if(g1="11-15 students",15,if(g1="16-20 students",20,if(g1="21-25 students",25, | K16: =_xlfn.CONCAT(K15,")") -> ))))) | Q16: " | U16: =D15 -> I did not grow up in the state of Utah | Y16: =E15 -> 14 | AA16: =G15 -> 31-35 students | AC16: =_xlfn.FLOOR.MATH(J39/5+0.2) -> 7 | AE16: =Sheet1!R16 -> California | AI16: =IF(AE16="Weber","Eastern Utah",IF(AE16="Wayne","Eastern Utah",IF(AE16="Washington","Western Utah",IF(AE16="Wasatch","Eastern Utah",IF(AE16="Uintah","Eastern Utah",IF(AE16="Tooele","Midwest Utah",IF(AE16="Summit","Eastern Utah",IF(AE16="Springville","South East Utah County",IF(AE16="Sevier","Midwest Utah",IF(AE16="Saratoga Springs","North East Utah County",IF(AE16="Sanpete","Midwest Utah",IF(AE16="San Juan","Midwest Utah",IF(AE16="Salt Lake","Eastern Utah",IF(AE16="Rich","Eastern Utah",IF(AE16="Provo","Western Utah County",IF(AE16="Pleasant Grove","South East Utah County",IF(AE16="Piute","Midwest Utah",IF(AE16="Payson","South East Utah County",IF(AE16="Orem","South East Utah County",IF(AE16="Ogden","Western Utah County",IF(AE16="Morgan","Eastern Utah",IF(AE16="Millard","Midwest Utah",IF(AE16="Lindon","South East Utah County",IF(AE16="Layton","North East Utah County",IF(AE16="Kane","Western Utah",IF(AE16="Juab","Midwest Utah",IF(AE16="Iron","Western Utah",IF(AE16="I did not grow up in the state of Utah","South",IF(AE16="Herriman","Western Utah County",IF(AE16="Grand","Eastern Utah",IF(AE16="Garfield","Midwest Utah",IF(AE16="Emery","Eastern Utah",IF(AE16="Eagle Mountain","Western Utah County",IF(AE16="Duchesne","Eastern Utah",IF(AE16="Davis","Eastern Utah",IF(AE16="Daggett","Eastern Utah",IF(AE16="Carbon","Eastern Utah",IF(AE16="Cache","Midwest Utah",IF(AE16="Box Elder","Midwest Utah",IF(AE16="Beaver","Western Utah",IF(AE16="American Fork","North East Utah County",IF(AE16="Washington State","West",IF(AE16="Virginia","South",IF(AE16="Texas","South",IF(AE16="South Carolina","South",IF(AE16="Phoenix, Arizona","North",IF(AE16="Pennsylvania","East",IF(AE16="Ohio","North",IF(AE16="North Carolina","South",IF(AE16="New York","East",IF(AE16="New Jersey","East",IF(AE16="Nevada","West",IF(AE16="Massachusetts","East",IF(AE16="Lake Havasu, Arizona","West",IF(AE16="Iowa","North",IF(AE16="Idaho","West",IF(AE16="Hawaii","West",IF(AE16="Gilbert, Arizona","South",IF(AE16="Foreign Country","Not From America",IF(AE16="California","West",IF(AE16="Arkansas","North",IF(AE16="Alaska","West","x")))))))))))))))))))))))))))))))))))))))))))))))))))))))))))))) -> West | AL16: =IF(AI16="North East Utah County",1,IF(AI16="South East Utah County",2,IF(AI16="Western Utah County",3,IF(AI16="Eastern Utah",4,IF(AI16="Midwest Utah",5,IF(AI16="Western Utah",6,IF(AI16="North",7,IF(AI16="South",8,IF(AI16="East",9,IF(AI16="West",10,IF(AI16="Not From America",11,0))))))))))) -> 10
A17: Kane | B17: =1+B16 -> 17 | C17: =_xlfn.CONCAT(C16,"if(d1=",$Q$16,A17,$Q$16,",",B17,",") -> if(d1="American Fork",1,if(d1="Beaver",2,if(d1="Box Elder",3,if(d1="Cache",4,if(d1="Carbon",5,if(d1="Daggett",6,if(d1="Davis",7,if(d1="Duchesne",8,if(d1="Eagle Mountain",9,if(d1="Emery",10,if(d1="Garfield",11,if(d1="Grand",12,if(d1="Herriman",13,if(d1="I did not grow up in the state of Utah",14,if(d1="Iron",15,if(d1="Juab",16,if(d1="Kane",17, | D17: =Sheet1!P18 -> I did not grow up in the state of Utah | E17: =IF(D17="American Fork",1,IF(D17="Beaver",2,IF(D17="Box Elder",3,IF(D17="Cache",4,IF(D17="Carbon",5,IF(D17="Daggett",6,IF(D17="Davis",7,IF(D17="Duchesne",8,IF(D17="Eagle Mountain",9,IF(D17="Emery",10,IF(D17="Garfield",11,IF(D17="Grand",12,IF(D17="Herriman",13,IF(D17="I did not grow up in the state of Utah",14,IF(D17="Iron",15,IF(D17="Juab",16,IF(D17="Kane",17,IF(D17="Layton",18,IF(D17="Lindon",19,IF(D17="Millard",20,IF(D17="Morgan",21,IF(D17="Ogden",22,IF(D17="Orem",23,IF(D17="Payson",24,IF(D17="Piute",25,IF(D17="Pleasant Grove",26,IF(D17="Provo",27,IF(D17="Rich",28,IF(D17="Salt Lake",29,IF(D17="San Juan",30,IF(D17="Sanpete",31,IF(D17="Saratoga Springs",32,IF(D17="Sevier",33,IF(D17="Springville",34,IF(D17="Summit",35,IF(D17="Tooele",36,IF(D17="Uintah",37,IF(D17="Wasatch",38,IF(D17="Washington",39,IF(D17="Wayne",40,41)))))))))))))))))))))))))))))))))))))))) -> 14 | G17: =Sheet1!O18 -> 21-25 students | J17: =_xlfn.CONCAT(J16,"if(g1=",$Q$16,K6,$Q$16,",",J6,",") -> if(g1="1-5 students",5,if(g1="6-10 students",10,if(g1="11-15 students",15,if(g1="16-20 students",20,if(g1="21-25 students",25,if(g1="26-30 students",30, | K17: =_xlfn.CONCAT(K16,")") -> )))))) | U17: =D16 -> Provo | Y17: =E16 -> 27 | AA17: =G16 -> 21-25 students | AC17: =_xlfn.FLOOR.MATH(J40/5+0.2) -> 5 | AE17: =Sheet1!R17 -> Provo | AI17: =IF(AE17="Weber","Eastern Utah",IF(AE17="Wayne","Eastern Utah",IF(AE17="Washington","Western Utah",IF(AE17="Wasatch","Eastern Utah",IF(AE17="Uintah","Eastern Utah",IF(AE17="Tooele","Midwest Utah",IF(AE17="Summit","Eastern Utah",IF(AE17="Springville","South East Utah County",IF(AE17="Sevier","Midwest Utah",IF(AE17="Saratoga Springs","North East Utah County",IF(AE17="Sanpete","Midwest Utah",IF(AE17="San Juan","Midwest Utah",IF(AE17="Salt Lake","Eastern Utah",IF(AE17="Rich","Eastern Utah",IF(AE17="Provo","Western Utah County",IF(AE17="Pleasant Grove","South East Utah County",IF(AE17="Piute","Midwest Utah",IF(AE17="Payson","South East Utah County",IF(AE17="Orem","South East Utah County",IF(AE17="Ogden","Western Utah County",IF(AE17="Morgan","Eastern Utah",IF(AE17="Millard","Midwest Utah",IF(AE17="Lindon","South East Utah County",IF(AE17="Layton","North East Utah County",IF(AE17="Kane","Western Utah",IF(AE17="Juab","Midwest Utah",IF(AE17="Iron","Western Utah",IF(AE17="I did not grow up in the state of Utah","South",IF(AE17="Herriman","Western Utah County",IF(AE17="Grand","Eastern Utah",IF(AE17="Garfield","Midwest Utah",IF(AE17="Emery","Eastern Utah",IF(AE17="Eagle Mountain","Western Utah County",IF(AE17="Duchesne","Eastern Utah",IF(AE17="Davis","Eastern Utah",IF(AE17="Daggett","Eastern Utah",IF(AE17="Carbon","Eastern Utah",IF(AE17="Cache","Midwest Utah",IF(AE17="Box Elder","Midwest Utah",IF(AE17="Beaver","Western Utah",IF(AE17="American Fork","North East Utah County",IF(AE17="Washington State","West",IF(AE17="Virginia","South",IF(AE17="Texas","South",IF(AE17="South Carolina","South",IF(AE17="Phoenix, Arizona","North",IF(AE17="Pennsylvania","East",IF(AE17="Ohio","North",IF(AE17="North Carolina","South",IF(AE17="New York","East",IF(AE17="New Jersey","East",IF(AE17="Nevada","West",IF(AE17="Massachusetts","East",IF(AE17="Lake Havasu, Arizona","West",IF(AE17="Iowa","North",IF(AE17="Idaho","West",IF(AE17="Hawaii","West",IF(AE17="Gilbert, Arizona","South",IF(AE17="Foreign Country","Not From America",IF(AE17="California","West",IF(AE17="Arkansas","North",IF(AE17="Alaska","West","x")))))))))))))))))))))))))))))))))))))))))))))))))))))))))))))) -> Western Utah County | AL17: =IF(AI17="North East Utah County",1,IF(AI17="South East Utah County",2,IF(AI17="Western Utah County",3,IF(AI17="Eastern Utah",4,IF(AI17="Midwest Utah",5,IF(AI17="Western Utah",6,IF(AI17="North",7,IF(AI17="South",8,IF(AI17="East",9,IF(AI17="West",10,IF(AI17="Not From America",11,0))))))))))) -> 3
A18: Layton | B18: =1+B17 -> 18 | C18: =_xlfn.CONCAT(C17,"if(d1=",$Q$16,A18,$Q$16,",",B18,",") -> if(d1="American Fork",1,if(d1="Beaver",2,if(d1="Box Elder",3,if(d1="Cache",4,if(d1="Carbon",5,if(d1="Daggett",6,if(d1="Davis",7,if(d1="Duchesne",8,if(d1="Eagle Mountain",9,if(d1="Emery",10,if(d1="Garfield",11,if(d1="Grand",12,if(d1="Herriman",13,if(d1="I did not grow up in the state of Utah",14,if(d1="Iron",15,if(d1="Juab",16,if(d1="Kane",17,if(d1="Layton",18, | D18: =Sheet1!P19 -> I did not grow up in the state of Utah | E18: =IF(D18="American Fork",1,IF(D18="Beaver",2,IF(D18="Box Elder",3,IF(D18="Cache",4,IF(D18="Carbon",5,IF(D18="Daggett",6,IF(D18="Davis",7,IF(D18="Duchesne",8,IF(D18="Eagle Mountain",9,IF(D18="Emery",10,IF(D18="Garfield",11,IF(D18="Grand",12,IF(D18="Herriman",13,IF(D18="I did not grow up in the state of Utah",14,IF(D18="Iron",15,IF(D18="Juab",16,IF(D18="Kane",17,IF(D18="Layton",18,IF(D18="Lindon",19,IF(D18="Millard",20,IF(D18="Morgan",21,IF(D18="Ogden",22,IF(D18="Orem",23,IF(D18="Payson",24,IF(D18="Piute",25,IF(D18="Pleasant Grove",26,IF(D18="Provo",27,IF(D18="Rich",28,IF(D18="Salt Lake",29,IF(D18="San Juan",30,IF(D18="Sanpete",31,IF(D18="Saratoga Springs",32,IF(D18="Sevier",33,IF(D18="Springville",34,IF(D18="Summit",35,IF(D18="Tooele",36,IF(D18="Uintah",37,IF(D18="Wasatch",38,IF(D18="Washington",39,IF(D18="Wayne",40,41)))))))))))))))))))))))))))))))))))))))) -> 14 | G18: =Sheet1!O19 -> 21-25 students | J18: =_xlfn.CONCAT(J17,"if(g1=",$Q$16,K7,$Q$16,",",J7,",") -> if(g1="1-5 students",5,if(g1="6-10 students",10,if(g1="11-15 students",15,if(g1="16-20 students",20,if(g1="21-25 students",25,if(g1="26-30 students",30,if(g1="31-35 students",35, | K18: =_xlfn.CONCAT(K17,")") -> ))))))) | U18: =D17 -> I did not grow up in the state of Utah | Y18: =E17 -> 14 | AA18: =G17 -> 21-25 students | AC18: =_xlfn.FLOOR.MATH(J41/5+0.2) -> 5 | AE18: =Sheet1!R18 -> Nevada | AI18: =IF(AE18="Weber","Eastern Utah",IF(AE18="Wayne","Eastern Utah",IF(AE18="Washington","Western Utah",IF(AE18="Wasatch","Eastern Utah",IF(AE18="Uintah","Eastern Utah",IF(AE18="Tooele","Midwest Utah",IF(AE18="Summit","Eastern Utah",IF(AE18="Springville","South East Utah County",IF(AE18="Sevier","Midwest Utah",IF(AE18="Saratoga Springs","North East Utah County",IF(AE18="Sanpete","Midwest Utah",IF(AE18="San Juan","Midwest Utah",IF(AE18="Salt Lake","Eastern Utah",IF(AE18="Rich","Eastern Utah",IF(AE18="Provo","Western Utah County",IF(AE18="Pleasant Grove","South East Utah County",IF(AE18="Piute","Midwest Utah",IF(AE18="Payson","South East Utah County",IF(AE18="Orem","South East Utah County",IF(AE18="Ogden","Western Utah County",IF(AE18="Morgan","Eastern Utah",IF(AE18="Millard","Midwest Utah",IF(AE18="Lindon","South East Utah County",IF(AE18="Layton","North East Utah County",IF(AE18="Kane","Western Utah",IF(AE18="Juab","Midwest Utah",IF(AE18="Iron","Western Utah",IF(AE18="I did not grow up in the state of Utah","South",IF(AE18="Herriman","Western Utah County",IF(AE18="Grand","Eastern Utah",IF(AE18="Garfield","Midwest Utah",IF(AE18="Emery","Eastern Utah",IF(AE18="Eagle Mountain","Western Utah County",IF(AE18="Duchesne","Eastern Utah",IF(AE18="Davis","Eastern Utah",IF(AE18="Daggett","Eastern Utah",IF(AE18="Carbon","Eastern Utah",IF(AE18="Cache","Midwest Utah",IF(AE18="Box Elder","Midwest Utah",IF(AE18="Beaver","Western Utah",IF(AE18="American Fork","North East Utah County",IF(AE18="Washington State","West",IF(AE18="Virginia","South",IF(AE18="Texas","South",IF(AE18="South Carolina","South",IF(AE18="Phoenix, Arizona","North",IF(AE18="Pennsylvania","East",IF(AE18="Ohio","North",IF(AE18="North Carolina","South",IF(AE18="New York","East",IF(AE18="New Jersey","East",IF(AE18="Nevada","West",IF(AE18="Massachusetts","East",IF(AE18="Lake Havasu, Arizona","West",IF(AE18="Iowa","North",IF(AE18="Idaho","West",IF(AE18="Hawaii","West",IF(AE18="Gilbert, Arizona","South",IF(AE18="Foreign Country","Not From America",IF(AE18="California","West",IF(AE18="Arkansas","North",IF(AE18="Alaska","West","x")))))))))))))))))))))))))))))))))))))))))))))))))))))))))))))) -> West | AL18: =IF(AI18="North East Utah County",1,IF(AI18="South East Utah County",2,IF(AI18="Western Utah County",3,IF(AI18="Eastern Utah",4,IF(AI18="Midwest Utah",5,IF(AI18="Western Utah",6,IF(AI18="North",7,IF(AI18="South",8,IF(AI18="East",9,IF(AI18="West",10,IF(AI18="Not From America",11,0))))))))))) -> 10
A19: Lindon | B19: =1+B18 -> 19 | C19: =_xlfn.CONCAT(C18,"if(d1=",$Q$16,A19,$Q$16,",",B19,",") -> if(d1="American Fork",1,if(d1="Beaver",2,if(d1="Box Elder",3,if(d1="Cache",4,if(d1="Carbon",5,if(d1="Daggett",6,if(d1="Davis",7,if(d1="Duchesne",8,if(d1="Eagle Mountain",9,if(d1="Emery",10,if(d1="Garfield",11,if(d1="Grand",12,if(d1="Herriman",13,if(d1="I did not grow up in the state of Utah",14,if(d1="Iron",15,if(d1="Juab",16,if(d1="Kane",17,if(d1="Layton",18,if(d1="Lindon",19, | D19: =Sheet1!P20 -> I did not grow up in the state of Utah | E19: =IF(D19="American Fork",1,IF(D19="Beaver",2,IF(D19="Box Elder",3,IF(D19="Cache",4,IF(D19="Carbon",5,IF(D19="Daggett",6,IF(D19="Davis",7,IF(D19="Duchesne",8,IF(D19="Eagle Mountain",9,IF(D19="Emery",10,IF(D19="Garfield",11,IF(D19="Grand",12,IF(D19="Herriman",13,IF(D19="I did not grow up in the state of Utah",14,IF(D19="Iron",15,IF(D19="Juab",16,IF(D19="Kane",17,IF(D19="Layton",18,IF(D19="Lindon",19,IF(D19="Millard",20,IF(D19="Morgan",21,IF(D19="Ogden",22,IF(D19="Orem",23,IF(D19="Payson",24,IF(D19="Piute",25,IF(D19="Pleasant Grove",26,IF(D19="Provo",27,IF(D19="Rich",28,IF(D19="Salt Lake",29,IF(D19="San Juan",30,IF(D19="Sanpete",31,IF(D19="Saratoga Springs",32,IF(D19="Sevier",33,IF(D19="Springville",34,IF(D19="Summit",35,IF(D19="Tooele",36,IF(D19="Uintah",37,IF(D19="Wasatch",38,IF(D19="Washington",39,IF(D19="Wayne",40,41)))))))))))))))))))))))))))))))))))))))) -> 14 | G19: =Sheet1!O20 -> 26-30 students | J19: =_xlfn.CONCAT(J18,"if(g1=",$Q$16,K8,$Q$16,",",J8,",") -> if(g1="1-5 students",5,if(g1="6-10 students",10,if(g1="11-15 students",15,if(g1="16-20 students",20,if(g1="21-25 students",25,if(g1="26-30 students",30,if(g1="31-35 students",35,if(g1="36-40 students",40, | K19: =_xlfn.CONCAT(K18,")") -> )))))))) | U19: =D18 -> I did not grow up in the state of Utah | Y19: =E18 -> 14 | AA19: =G18 -> 21-25 students | AC19: =_xlfn.FLOOR.MATH(J42/5+0.2) -> 5 | AE19: =Sheet1!R19 -> Ohio | AI19: =IF(AE19="Weber","Eastern Utah",IF(AE19="Wayne","Eastern Utah",IF(AE19="Washington","Western Utah",IF(AE19="Wasatch","Eastern Utah",IF(AE19="Uintah","Eastern Utah",IF(AE19="Tooele","Midwest Utah",IF(AE19="Summit","Eastern Utah",IF(AE19="Springville","South East Utah County",IF(AE19="Sevier","Midwest Utah",IF(AE19="Saratoga Springs","North East Utah County",IF(AE19="Sanpete","Midwest Utah",IF(AE19="San Juan","Midwest Utah",IF(AE19="Salt Lake","Eastern Utah",IF(AE19="Rich","Eastern Utah",IF(AE19="Provo","Western Utah County",IF(AE19="Pleasant Grove","South East Utah County",IF(AE19="Piute","Midwest Utah",IF(AE19="Payson","South East Utah County",IF(AE19="Orem","South East Utah County",IF(AE19="Ogden","Western Utah County",IF(AE19="Morgan","Eastern Utah",IF(AE19="Millard","Midwest Utah",IF(AE19="Lindon","South East Utah County",IF(AE19="Layton","North East Utah County",IF(AE19="Kane","Western Utah",IF(AE19="Juab","Midwest Utah",IF(AE19="Iron","Western Utah",IF(AE19="I did not grow up in the state of Utah","South",IF(AE19="Herriman","Western Utah County",IF(AE19="Grand","Eastern Utah",IF(AE19="Garfield","Midwest Utah",IF(AE19="Emery","Eastern Utah",IF(AE19="Eagle Mountain","Western Utah County",IF(AE19="Duchesne","Eastern Utah",IF(AE19="Davis","Eastern Utah",IF(AE19="Daggett","Eastern Utah",IF(AE19="Carbon","Eastern Utah",IF(AE19="Cache","Midwest Utah",IF(AE19="Box Elder","Midwest Utah",IF(AE19="Beaver","Western Utah",IF(AE19="American Fork","North East Utah County",IF(AE19="Washington State","West",IF(AE19="Virginia","South",IF(AE19="Texas","South",IF(AE19="South Carolina","South",IF(AE19="Phoenix, Arizona","North",IF(AE19="Pennsylvania","East",IF(AE19="Ohio","North",IF(AE19="North Carolina","South",IF(AE19="New York","East",IF(AE19="New Jersey","East",IF(AE19="Nevada","West",IF(AE19="Massachusetts","East",IF(AE19="Lake Havasu, Arizona","West",IF(AE19="Iowa","North",IF(AE19="Idaho","West",IF(AE19="Hawaii","West",IF(AE19="Gilbert, Arizona","South",IF(AE19="Foreign Country","Not From America",IF(AE19="California","West",IF(AE19="Arkansas","North",IF(AE19="Alaska","West","x")))))))))))))))))))))))))))))))))))))))))))))))))))))))))))))) -> North | AL19: =IF(AI19="North East Utah County",1,IF(AI19="South East Utah County",2,IF(AI19="Western Utah County",3,IF(AI19="Eastern Utah",4,IF(AI19="Midwest Utah",5,IF(AI19="Western Utah",6,IF(AI19="North",7,IF(AI19="South",8,IF(AI19="East",9,IF(AI19="West",10,IF(AI19="Not From America",11,0))))))))))) -> 7
A20: Millard | B20: =1+B19 -> 20 | C20: =_xlfn.CONCAT(C19,"if(d1=",$Q$16,A20,$Q$16,",",B20,",") -> if(d1="American Fork",1,if(d1="Beaver",2,if(d1="Box Elder",3,if(d1="Cache",4,if(d1="Carbon",5,if(d1="Daggett",6,if(d1="Davis",7,if(d1="Duchesne",8,if(d1="Eagle Mountain",9,if(d1="Emery",10,if(d1="Garfield",11,if(d1="Grand",12,if(d1="Herriman",13,if(d1="I did not grow up in the state of Utah",14,if(d1="Iron",15,if(d1="Juab",16,if(d1="Kane",17,if(d1="Layton",18,if(d1="Lindon",19,if(d1="Millard",20, | D20: =Sheet1!P21 -> Davis | E20: =IF(D20="American Fork",1,IF(D20="Beaver",2,IF(D20="Box Elder",3,IF(D20="Cache",4,IF(D20="Carbon",5,IF(D20="Daggett",6,IF(D20="Davis",7,IF(D20="Duchesne",8,IF(D20="Eagle Mountain",9,IF(D20="Emery",10,IF(D20="Garfield",11,IF(D20="Grand",12,IF(D20="Herriman",13,IF(D20="I did not grow up in the state of Utah",14,IF(D20="Iron",15,IF(D20="Juab",16,IF(D20="Kane",17,IF(D20="Layton",18,IF(D20="Lindon",19,IF(D20="Millard",20,IF(D20="Morgan",21,IF(D20="Ogden",22,IF(D20="Orem",23,IF(D20="Payson",24,IF(D20="Piute",25,IF(D20="Pleasant Grove",26,IF(D20="Provo",27,IF(D20="Rich",28,IF(D20="Salt Lake",29,IF(D20="San Juan",30,IF(D20="Sanpete",31,IF(D20="Saratoga Springs",32,IF(D20="Sevier",33,IF(D20="Springville",34,IF(D20="Summit",35,IF(D20="Tooele",36,IF(D20="Uintah",37,IF(D20="Wasatch",38,IF(D20="Washington",39,IF(D20="Wayne",40,41)))))))))))))))))))))))))))))))))))))))) -> 7 | G20: =Sheet1!O21 -> 26-30 students | J20: =_xlfn.CONCAT(J19,"if(g1=",$Q$16,K9,$Q$16,",",J9,",") -> if(g1="1-5 students",5,if(g1="6-10 students",10,if(g1="11-15 students",15,if(g1="16-20 students",20,if(g1="21-25 students",25,if(g1="26-30 students",30,if(g1="31-35 students",35,if(g1="36-40 students",40,if(g1="41-45 students",45, | K20: =_xlfn.CONCAT(K19,")") -> ))))))))) | U20: =D19 -> I did not grow up in the state of Utah | Y20: =E19 -> 14 | AA20: =G19 -> 26-30 students | AC20: =_xlfn.FLOOR.MATH(J43/5+0.2) -> 6 | AE20: =Sheet1!R20 -> Pennsylvania | AI20: =IF(AE20="Weber","Eastern Utah",IF(AE20="Wayne","Eastern Utah",IF(AE20="Washington","Western Utah",IF(AE20="Wasatch","Eastern Utah",IF(AE20="Uintah","Eastern Utah",IF(AE20="Tooele","Midwest Utah",IF(AE20="Summit","Eastern Utah",IF(AE20="Springville","South East Utah County",IF(AE20="Sevier","Midwest Utah",IF(AE20="Saratoga Springs","North East Utah County",IF(AE20="Sanpete","Midwest Utah",IF(AE20="San Juan","Midwest Utah",IF(AE20="Salt Lake","Eastern Utah",IF(AE20="Rich","Eastern Utah",IF(AE20="Provo","Western Utah County",IF(AE20="Pleasant Grove","South East Utah County",IF(AE20="Piute","Midwest Utah",IF(AE20="Payson","South East Utah County",IF(AE20="Orem","South East Utah County",IF(AE20="Ogden","Western Utah County",IF(AE20="Morgan","Eastern Utah",IF(AE20="Millard","Midwest Utah",IF(AE20="Lindon","South East Utah County",IF(AE20="Layton","North East Utah County",IF(AE20="Kane","Western Utah",IF(AE20="Juab","Midwest Utah",IF(AE20="Iron","Western Utah",IF(AE20="I did not grow up in the state of Utah","South",IF(AE20="Herriman","Western Utah County",IF(AE20="Grand","Eastern Utah",IF(AE20="Garfield","Midwest Utah",IF(AE20="Emery","Eastern Utah",IF(AE20="Eagle Mountain","Western Utah County",IF(AE20="Duchesne","Eastern Utah",IF(AE20="Davis","Eastern Utah",IF(AE20="Daggett","Eastern Utah",IF(AE20="Carbon","Eastern Utah",IF(AE20="Cache","Midwest Utah",IF(AE20="Box Elder","Midwest Utah",IF(AE20="Beaver","Western Utah",IF(AE20="American Fork","North East Utah County",IF(AE20="Washington State","West",IF(AE20="Virginia","South",IF(AE20="Texas","South",IF(AE20="South Carolina","South",IF(AE20="Phoenix, Arizona","North",IF(AE20="Pennsylvania","East",IF(AE20="Ohio","North",IF(AE20="North Carolina","South",IF(AE20="New York","East",IF(AE20="New Jersey","East",IF(AE20="Nevada","West",IF(AE20="Massachusetts","East",IF(AE20="Lake Havasu, Arizona","West",IF(AE20="Iowa","North",IF(AE20="Idaho","West",IF(AE20="Hawaii","West",IF(AE20="Gilbert, Arizona","South",IF(AE20="Foreign Country","Not From America",IF(AE20="California","West",IF(AE20="Arkansas","North",IF(AE20="Alaska","West","x")))))))))))))))))))))))))))))))))))))))))))))))))))))))))))))) -> East | AL20: =IF(AI20="North East Utah County",1,IF(AI20="South East Utah County",2,IF(AI20="Western Utah County",3,IF(AI20="Eastern Utah",4,IF(AI20="Midwest Utah",5,IF(AI20="Western Utah",6,IF(AI20="North",7,IF(AI20="South",8,IF(AI20="East",9,IF(AI20="West",10,IF(AI20="Not From America",11,0))))))))))) -> 9
A21: Morgan | B21: =1+B20 -> 21 | C21: =_xlfn.CONCAT(C20,"if(d1=",$Q$16,A21,$Q$16,",",B21,",") -> if(d1="American Fork",1,if(d1="Beaver",2,if(d1="Box Elder",3,if(d1="Cache",4,if(d1="Carbon",5,if(d1="Daggett",6,if(d1="Davis",7,if(d1="Duchesne",8,if(d1="Eagle Mountain",9,if(d1="Emery",10,if(d1="Garfield",11,if(d1="Grand",12,if(d1="Herriman",13,if(d1="I did not grow up in the state of Utah",14,if(d1="Iron",15,if(d1="Juab",16,if(d1="Kane",17,if(d1="Layton",18,if(d1="Lindon",19,if(d1="Millard",20,if(d1="Morgan",21, | D21: =Sheet1!P22 -> I did not grow up in the state of Utah | E21: =IF(D21="American Fork",1,IF(D21="Beaver",2,IF(D21="Box Elder",3,IF(D21="Cache",4,IF(D21="Carbon",5,IF(D21="Daggett",6,IF(D21="Davis",7,IF(D21="Duchesne",8,IF(D21="Eagle Mountain",9,IF(D21="Emery",10,IF(D21="Garfield",11,IF(D21="Grand",12,IF(D21="Herriman",13,IF(D21="I did not grow up in the state of Utah",14,IF(D21="Iron",15,IF(D21="Juab",16,IF(D21="Kane",17,IF(D21="Layton",18,IF(D21="Lindon",19,IF(D21="Millard",20,IF(D21="Morgan",21,IF(D21="Ogden",22,IF(D21="Orem",23,IF(D21="Payson",24,IF(D21="Piute",25,IF(D21="Pleasant Grove",26,IF(D21="Provo",27,IF(D21="Rich",28,IF(D21="Salt Lake",29,IF(D21="San Juan",30,IF(D21="Sanpete",31,IF(D21="Saratoga Springs",32,IF(D21="Sevier",33,IF(D21="Springville",34,IF(D21="Summit",35,IF(D21="Tooele",36,IF(D21="Uintah",37,IF(D21="Wasatch",38,IF(D21="Washington",39,IF(D21="Wayne",40,41)))))))))))))))))))))))))))))))))))))))) -> 14 | G21: =Sheet1!O22 -> 21-25 students | J21: =_xlfn.CONCAT(J20,"if(g1=",$Q$16,K10,$Q$16,",",J10,",") -> if(g1="1-5 students",5,if(g1="6-10 students",10,if(g1="11-15 students",15,if(g1="16-20 students",20,if(g1="21-25 students",25,if(g1="26-30 students",30,if(g1="31-35 students",35,if(g1="36-40 students",40,if(g1="41-45 students",45,if(g1="46-50 students",50, | K21: =_xlfn.CONCAT(K20,")") -> )))))))))) | U21: =D20 -> Davis | Y21: =E20 -> 7 | AA21: =G20 -> 26-30 students | AC21: =_xlfn.FLOOR.MATH(J44/5+0.2) -> 6 | AE21: =Sheet1!R21 -> Davis | AI21: =IF(AE21="Weber","Eastern Utah",IF(AE21="Wayne","Eastern Utah",IF(AE21="Washington","Western Utah",IF(AE21="Wasatch","Eastern Utah",IF(AE21="Uintah","Eastern Utah",IF(AE21="Tooele","Midwest Utah",IF(AE21="Summit","Eastern Utah",IF(AE21="Springville","South East Utah County",IF(AE21="Sevier","Midwest Utah",IF(AE21="Saratoga Springs","North East Utah County",IF(AE21="Sanpete","Midwest Utah",IF(AE21="San Juan","Midwest Utah",IF(AE21="Salt Lake","Eastern Utah",IF(AE21="Rich","Eastern Utah",IF(AE21="Provo","Western Utah County",IF(AE21="Pleasant Grove","South East Utah County",IF(AE21="Piute","Midwest Utah",IF(AE21="Payson","South East Utah County",IF(AE21="Orem","South East Utah County",IF(AE21="Ogden","Western Utah County",IF(AE21="Morgan","Eastern Utah",IF(AE21="Millard","Midwest Utah",IF(AE21="Lindon","South East Utah County",IF(AE21="Layton","North East Utah County",IF(AE21="Kane","Western Utah",IF(AE21="Juab","Midwest Utah",IF(AE21="Iron","Western Utah",IF(AE21="I did not grow up in the state of Utah","South",IF(AE21="Herriman","Western Utah County",IF(AE21="Grand","Eastern Utah",IF(AE21="Garfield","Midwest Utah",IF(AE21="Emery","Eastern Utah",IF(AE21="Eagle Mountain","Western Utah County",IF(AE21="Duchesne","Eastern Utah",IF(AE21="Davis","Eastern Utah",IF(AE21="Daggett","Eastern Utah",IF(AE21="Carbon","Eastern Utah",IF(AE21="Cache","Midwest Utah",IF(AE21="Box Elder","Midwest Utah",IF(AE21="Beaver","Western Utah",IF(AE21="American Fork","North East Utah County",IF(AE21="Washington State","West",IF(AE21="Virginia","South",IF(AE21="Texas","South",IF(AE21="South Carolina","South",IF(AE21="Phoenix, Arizona","North",IF(AE21="Pennsylvania","East",IF(AE21="Ohio","North",IF(AE21="North Carolina","South",IF(AE21="New York","East",IF(AE21="New Jersey","East",IF(AE21="Nevada","West",IF(AE21="Massachusetts","East",IF(AE21="Lake Havasu, Arizona","West",IF(AE21="Iowa","North",IF(AE21="Idaho","West",IF(AE21="Hawaii","West",IF(AE21="Gilbert, Arizona","South",IF(AE21="Foreign Country","Not From America",IF(AE21="California","West",IF(AE21="Arkansas","North",IF(AE21="Alaska","West","x")))))))))))))))))))))))))))))))))))))))))))))))))))))))))))))) -> Eastern Utah | AL21: =IF(AI21="North East Utah County",1,IF(AI21="South East Utah County",2,IF(AI21="Western Utah County",3,IF(AI21="Eastern Utah",4,IF(AI21="Midwest Utah",5,IF(AI21="Western Utah",6,IF(AI21="North",7,IF(AI21="South",8,IF(AI21="East",9,IF(AI21="West",10,IF(AI21="Not From America",11,0))))))))))) -> 4
A22: Ogden | B22: =1+B21 -> 22 | C22: =_xlfn.CONCAT(C21,"if(d1=",$Q$16,A22,$Q$16,",",B22,",") -> if(d1="American Fork",1,if(d1="Beaver",2,if(d1="Box Elder",3,if(d1="Cache",4,if(d1="Carbon",5,if(d1="Daggett",6,if(d1="Davis",7,if(d1="Duchesne",8,if(d1="Eagle Mountain",9,if(d1="Emery",10,if(d1="Garfield",11,if(d1="Grand",12,if(d1="Herriman",13,if(d1="I did not grow up in the state of Utah",14,if(d1="Iron",15,if(d1="Juab",16,if(d1="Kane",17,if(d1="Layton",18,if(d1="Lindon",19,if(d1="Millard",20,if(d1="Morgan",21,if(d1="Ogden",22, | D22: =Sheet1!P23 -> Salt Lake | E22: =IF(D22="American Fork",1,IF(D22="Beaver",2,IF(D22="Box Elder",3,IF(D22="Cache",4,IF(D22="Carbon",5,IF(D22="Daggett",6,IF(D22="Davis",7,IF(D22="Duchesne",8,IF(D22="Eagle Mountain",9,IF(D22="Emery",10,IF(D22="Garfield",11,IF(D22="Grand",12,IF(D22="Herriman",13,IF(D22="I did not grow up in the state of Utah",14,IF(D22="Iron",15,IF(D22="Juab",16,IF(D22="Kane",17,IF(D22="Layton",18,IF(D22="Lindon",19,IF(D22="Millard",20,IF(D22="Morgan",21,IF(D22="Ogden",22,IF(D22="Orem",23,IF(D22="Payson",24,IF(D22="Piute",25,IF(D22="Pleasant Grove",26,IF(D22="Provo",27,IF(D22="Rich",28,IF(D22="Salt Lake",29,IF(D22="San Juan",30,IF(D22="Sanpete",31,IF(D22="Saratoga Springs",32,IF(D22="Sevier",33,IF(D22="Springville",34,IF(D22="Summit",35,IF(D22="Tooele",36,IF(D22="Uintah",37,IF(D22="Wasatch",38,IF(D22="Washington",39,IF(D22="Wayne",40,41)))))))))))))))))))))))))))))))))))))))) -> 29 | G22: =Sheet1!O23 -> 31-35 students | J22: =_xlfn.CONCAT(J21,"if(g1=",$Q$16,K11,$Q$16,",",J11,",") -> if(g1="1-5 students",5,if(g1="6-10 students",10,if(g1="11-15 students",15,if(g1="16-20 students",20,if(g1="21-25 students",25,if(g1="26-30 students",30,if(g1="31-35 students",35,if(g1="36-40 students",40,if(g1="41-45 students",45,if(g1="46-50 students",50,if(g1="51 or more students",55, | K22: =_xlfn.CONCAT(K21,")") -> ))))))))))) | U22: =D21 -> I did not grow up in the state of Utah | Y22: =E21 -> 14 | AA22: =G21 -> 21-25 students | AC22: =_xlfn.FLOOR.MATH(J45/5+0.2) -> 5 | AE22: =Sheet1!R22 -> South Carolina | AI22: =IF(AE22="Weber","Eastern Utah",IF(AE22="Wayne","Eastern Utah",IF(AE22="Washington","Western Utah",IF(AE22="Wasatch","Eastern Utah",IF(AE22="Uintah","Eastern Utah",IF(AE22="Tooele","Midwest Utah",IF(AE22="Summit","Eastern Utah",IF(AE22="Springville","South East Utah County",IF(AE22="Sevier","Midwest Utah",IF(AE22="Saratoga Springs","North East Utah County",IF(AE22="Sanpete","Midwest Utah",IF(AE22="San Juan","Midwest Utah",IF(AE22="Salt Lake","Eastern Utah",IF(AE22="Rich","Eastern Utah",IF(AE22="Provo","Western Utah County",IF(AE22="Pleasant Grove","South East Utah County",IF(AE22="Piute","Midwest Utah",IF(AE22="Payson","South East Utah County",IF(AE22="Orem","South East Utah County",IF(AE22="Ogden","Western Utah County",IF(AE22="Morgan","Eastern Utah",IF(AE22="Millard","Midwest Utah",IF(AE22="Lindon","South East Utah County",IF(AE22="Layton","North East Utah County",IF(AE22="Kane","Western Utah",IF(AE22="Juab","Midwest Utah",IF(AE22="Iron","Western Utah",IF(AE22="I did not grow up in the state of Utah","South",IF(AE22="Herriman","Western Utah County",IF(AE22="Grand","Eastern Utah",IF(AE22="Garfield","Midwest Utah",IF(AE22="Emery","Eastern Utah",IF(AE22="Eagle Mountain","Western Utah County",IF(AE22="Duchesne","Eastern Utah",IF(AE22="Davis","Eastern Utah",IF(AE22="Daggett","Eastern Utah",IF(AE22="Carbon","Eastern Utah",IF(AE22="Cache","Midwest Utah",IF(AE22="Box Elder","Midwest Utah",IF(AE22="Beaver","Western Utah",IF(AE22="American Fork","North East Utah County",IF(AE22="Washington State","West",IF(AE22="Virginia","South",IF(AE22="Texas","South",IF(AE22="South Carolina","South",IF(AE22="Phoenix, Arizona","North",IF(AE22="Pennsylvania","East",IF(AE22="Ohio","North",IF(AE22="North Carolina","South",IF(AE22="New York","East",IF(AE22="New Jersey","East",IF(AE22="Nevada","West",IF(AE22="Massachusetts","East",IF(AE22="Lake Havasu, Arizona","West",IF(AE22="Iowa","North",IF(AE22="Idaho","West",IF(AE22="Hawaii","West",IF(AE22="Gilbert, Arizona","South",IF(AE22="Foreign Country","Not From America",IF(AE22="California","West",IF(AE22="Arkansas","North",IF(AE22="Alaska","West","x")))))))))))))))))))))))))))))))))))))))))))))))))))))))))))))) -> South | AL22: =IF(AI22="North East Utah County",1,IF(AI22="South East Utah County",2,IF(AI22="Western Utah County",3,IF(AI22="Eastern Utah",4,IF(AI22="Midwest Utah",5,IF(AI22="Western Utah",6,IF(AI22="North",7,IF(AI22="South",8,IF(AI22="East",9,IF(AI22="West",10,IF(AI22="Not From America",11,0))))))))))) -> 8
A23: Orem | B23: =1+B22 -> 23 | C23: =_xlfn.CONCAT(C22,"if(d1=",$Q$16,A23,$Q$16,",",B23,",") -> if(d1="American Fork",1,if(d1="Beaver",2,if(d1="Box Elder",3,if(d1="Cache",4,if(d1="Carbon",5,if(d1="Daggett",6,if(d1="Davis",7,if(d1="Duchesne",8,if(d1="Eagle Mountain",9,if(d1="Emery",10,if(d1="Garfield",11,if(d1="Grand",12,if(d1="Herriman",13,if(d1="I did not grow up in the state of Utah",14,if(d1="Iron",15,if(d1="Juab",16,if(d1="Kane",17,if(d1="Layton",18,if(d1="Lindon",19,if(d1="Millard",20,if(d1="Morgan",21,if(d1="Ogden",22,if(d1="Orem",23, | D23: =Sheet1!P24 -> Washington | E23: =IF(D23="American Fork",1,IF(D23="Beaver",2,IF(D23="Box Elder",3,IF(D23="Cache",4,IF(D23="Carbon",5,IF(D23="Daggett",6,IF(D23="Davis",7,IF(D23="Duchesne",8,IF(D23="Eagle Mountain",9,IF(D23="Emery",10,IF(D23="Garfield",11,IF(D23="Grand",12,IF(D23="Herriman",13,IF(D23="I did not grow up in the state of Utah",14,IF(D23="Iron",15,IF(D23="Juab",16,IF(D23="Kane",17,IF(D23="Layton",18,IF(D23="Lindon",19,IF(D23="Millard",20,IF(D23="Morgan",21,IF(D23="Ogden",22,IF(D23="Orem",23,IF(D23="Payson",24,IF(D23="Piute",25,IF(D23="Pleasant Grove",26,IF(D23="Provo",27,IF(D23="Rich",28,IF(D23="Salt Lake",29,IF(D23="San Juan",30,IF(D23="Sanpete",31,IF(D23="Saratoga Springs",32,IF(D23="Sevier",33,IF(D23="Springville",34,IF(D23="Summit",35,IF(D23="Tooele",36,IF(D23="Uintah",37,IF(D23="Wasatch",38,IF(D23="Washington",39,IF(D23="Wayne",40,41)))))))))))))))))))))))))))))))))))))))) -> 39 | G23: =Sheet1!O24 -> 31-35 students | J23: =_xlfn.CONCAT("=",J22,Q16,"ph",Q16,K22) -> =if(g1="1-5 students",5,if(g1="6-10 students",10,if(g1="11-15 students",15,if(g1="16-20 students",20,if(g1="21-25 students",25,if(g1="26-30 students",30,if(g1="31-35 students",35,if(g1="36-40 students",40,if(g1="41-45 students",45,if(g1="46-50 students",50,if(g1="51 or more students",55,"ph"))))))))))) | U23: =D22 -> Salt Lake | Y23: =E22 -> 29 | AA23: =G22 -> 31-35 students | AC23: =_xlfn.FLOOR.MATH(J46/5+0.2) -> 7 | AE23: =Sheet1!R23 -> Salt Lake | AI23: =IF(AE23="Weber","Eastern Utah",IF(AE23="Wayne","Eastern Utah",IF(AE23="Washington","Western Utah",IF(AE23="Wasatch","Eastern Utah",IF(AE23="Uintah","Eastern Utah",IF(AE23="Tooele","Midwest Utah",IF(AE23="Summit","Eastern Utah",IF(AE23="Springville","South East Utah County",IF(AE23="Sevier","Midwest Utah",IF(AE23="Saratoga Springs","North East Utah County",IF(AE23="Sanpete","Midwest Utah",IF(AE23="San Juan","Midwest Utah",IF(AE23="Salt Lake","Eastern Utah",IF(AE23="Rich","Eastern Utah",IF(AE23="Provo","Western Utah County",IF(AE23="Pleasant Grove","South East Utah County",IF(AE23="Piute","Midwest Utah",IF(AE23="Payson","South East Utah County",IF(AE23="Orem","South East Utah County",IF(AE23="Ogden","Western Utah County",IF(AE23="Morgan","Eastern Utah",IF(AE23="Millard","Midwest Utah",IF(AE23="Lindon","South East Utah County",IF(AE23="Layton","North East Utah County",IF(AE23="Kane","Western Utah",IF(AE23="Juab","Midwest Utah",IF(AE23="Iron","Western Utah",IF(AE23="I did not grow up in the state of Utah","South",IF(AE23="Herriman","Western Utah County",IF(AE23="Grand","Eastern Utah",IF(AE23="Garfield","Midwest Utah",IF(AE23="Emery","Eastern Utah",IF(AE23="Eagle Mountain","Western Utah County",IF(AE23="Duchesne","Eastern Utah",IF(AE23="Davis","Eastern Utah",IF(AE23="Daggett","Eastern Utah",IF(AE23="Carbon","Eastern Utah",IF(AE23="Cache","Midwest Utah",IF(AE23="Box Elder","Midwest Utah",IF(AE23="Beaver","Western Utah",IF(AE23="American Fork","North East Utah County",IF(AE23="Washington State","West",IF(AE23="Virginia","South",IF(AE23="Texas","South",IF(AE23="South Carolina","South",IF(AE23="Phoenix, Arizona","North",IF(AE23="Pennsylvania","East",IF(AE23="Ohio","North",IF(AE23="North Carolina","South",IF(AE23="New York","East",IF(AE23="New Jersey","East",IF(AE23="Nevada","West",IF(AE23="Massachusetts","East",IF(AE23="Lake Havasu, Arizona","West",IF(AE23="Iowa","North",IF(AE23="Idaho","West",IF(AE23="Hawaii","West",IF(AE23="Gilbert, Arizona","South",IF(AE23="Foreign Country","Not From America",IF(AE23="California","West",IF(AE23="Arkansas","North",IF(AE23="Alaska","West","x")))))))))))))))))))))))))))))))))))))))))))))))))))))))))))))) -> Eastern Utah | AL23: =IF(AI23="North East Utah County",1,IF(AI23="South East Utah County",2,IF(AI23="Western Utah County",3,IF(AI23="Eastern Utah",4,IF(AI23="Midwest Utah",5,IF(AI23="Western Utah",6,IF(AI23="North",7,IF(AI23="South",8,IF(AI23="East",9,IF(AI23="West",10,IF(AI23="Not From America",11,0))))))))))) -> 4
A24: Payson | B24: =1+B23 -> 24 | C24: =_xlfn.CONCAT(C23,"if(d1=",$Q$16,A24,$Q$16,",",B24,",") -> if(d1="American Fork",1,if(d1="Beaver",2,if(d1="Box Elder",3,if(d1="Cache",4,if(d1="Carbon",5,if(d1="Daggett",6,if(d1="Davis",7,if(d1="Duchesne",8,if(d1="Eagle Mountain",9,if(d1="Emery",10,if(d1="Garfield",11,if(d1="Grand",12,if(d1="Herriman",13,if(d1="I did not grow up in the state of Utah",14,if(d1="Iron",15,if(d1="Juab",16,if(d1="Kane",17,if(d1="Layton",18,if(d1="Lindon",19,if(d1="Millard",20,if(d1="Morgan",21,if(d1="Ogden",22,if(d1="Orem",23,if(d1="Payson",24, | D24: =Sheet1!P25 -> American Fork | E24: =IF(D24="American Fork",1,IF(D24="Beaver",2,IF(D24="Box Elder",3,IF(D24="Cache",4,IF(D24="Carbon",5,IF(D24="Daggett",6,IF(D24="Davis",7,IF(D24="Duchesne",8,IF(D24="Eagle Mountain",9,IF(D24="Emery",10,IF(D24="Garfield",11,IF(D24="Grand",12,IF(D24="Herriman",13,IF(D24="I did not grow up in the state of Utah",14,IF(D24="Iron",15,IF(D24="Juab",16,IF(D24="Kane",17,IF(D24="Layton",18,IF(D24="Lindon",19,IF(D24="Millard",20,IF(D24="Morgan",21,IF(D24="Ogden",22,IF(D24="Orem",23,IF(D24="Payson",24,IF(D24="Piute",25,IF(D24="Pleasant Grove",26,IF(D24="Provo",27,IF(D24="Rich",28,IF(D24="Salt Lake",29,IF(D24="San Juan",30,IF(D24="Sanpete",31,IF(D24="Saratoga Springs",32,IF(D24="Sevier",33,IF(D24="Springville",34,IF(D24="Summit",35,IF(D24="Tooele",36,IF(D24="Uintah",37,IF(D24="Wasatch",38,IF(D24="Washington",39,IF(D24="Wayne",40,41)))))))))))))))))))))))))))))))))))))))) -> 1 | G24: =Sheet1!O25 -> 21-25 students | U24: =D23 -> Washington | Y24: =E23 -> 39 | AA24: =G23 -> 31-35 students | AC24: =_xlfn.FLOOR.MATH(J47/5+0.2) -> 7 | AE24: =Sheet1!R24 -> Washington | AI24: =IF(AE24="Weber","Eastern Utah",IF(AE24="Wayne","Eastern Utah",IF(AE24="Washington","Western Utah",IF(AE24="Wasatch","Eastern Utah",IF(AE24="Uintah","Eastern Utah",IF(AE24="Tooele","Midwest Utah",IF(AE24="Summit","Eastern Utah",IF(AE24="Springville","South East Utah County",IF(AE24="Sevier","Midwest Utah",IF(AE24="Saratoga Springs","North East Utah County",IF(AE24="Sanpete","Midwest Utah",IF(AE24="San Juan","Midwest Utah",IF(AE24="Salt Lake","Eastern Utah",IF(AE24="Rich","Eastern Utah",IF(AE24="Provo","Western Utah County",IF(AE24="Pleasant Grove","South East Utah County",IF(AE24="Piute","Midwest Utah",IF(AE24="Payson","South East Utah County",IF(AE24="Orem","South East Utah County",IF(AE24="Ogden","Western Utah County",IF(AE24="Morgan","Eastern Utah",IF(AE24="Millard","Midwest Utah",IF(AE24="Lindon","South East Utah County",IF(AE24="Layton","North East Utah County",IF(AE24="Kane","Western Utah",IF(AE24="Juab","Midwest Utah",IF(AE24="Iron","Western Utah",IF(AE24="I did not grow up in the state of Utah","South",IF(AE24="Herriman","Western Utah County",IF(AE24="Grand","Eastern Utah",IF(AE24="Garfield","Midwest Utah",IF(AE24="Emery","Eastern Utah",IF(AE24="Eagle Mountain","Western Utah County",IF(AE24="Duchesne","Eastern Utah",IF(AE24="Davis","Eastern Utah",IF(AE24="Daggett","Eastern Utah",IF(AE24="Carbon","Eastern Utah",IF(AE24="Cache","Midwest Utah",IF(AE24="Box Elder","Midwest Utah",IF(AE24="Beaver","Western Utah",IF(AE24="American Fork","North East Utah County",IF(AE24="Washington State","West",IF(AE24="Virginia","South",IF(AE24="Texas","South",IF(AE24="South Carolina","South",IF(AE24="Phoenix, Arizona","North",IF(AE24="Pennsylvania","East",IF(AE24="Ohio","North",IF(AE24="North Carolina","South",IF(AE24="New York","East",IF(AE24="New Jersey","East",IF(AE24="Nevada","West",IF(AE24="Massachusetts","East",IF(AE24="Lake Havasu, Arizona","West",IF(AE24="Iowa","North",IF(AE24="Idaho","West",IF(AE24="Hawaii","West",IF(AE24="Gilbert, Arizona","South",IF(AE24="Foreign Country","Not From America",IF(AE24="California","West",IF(AE24="Arkansas","North",IF(AE24="Alaska","West","x")))))))))))))))))))))))))))))))))))))))))))))))))))))))))))))) -> Western Utah | AL24: =IF(AI24="North East Utah County",1,IF(AI24="South East Utah County",2,IF(AI24="Western Utah County",3,IF(AI24="Eastern Utah",4,IF(AI24="Midwest Utah",5,IF(AI24="Western Utah",6,IF(AI24="North",7,IF(AI24="South",8,IF(AI24="East",9,IF(AI24="West",10,IF(AI24="Not From America",11,0))))))))))) -> 6
A25: Piute | B25: =1+B24 -> 25 | C25: =_xlfn.CONCAT(C24,"if(d1=",$Q$16,A25,$Q$16,",",B25,",") -> if(d1="American Fork",1,if(d1="Beaver",2,if(d1="Box Elder",3,if(d1="Cache",4,if(d1="Carbon",5,if(d1="Daggett",6,if(d1="Davis",7,if(d1="Duchesne",8,if(d1="Eagle Mountain",9,if(d1="Emery",10,if(d1="Garfield",11,if(d1="Grand",12,if(d1="Herriman",13,if(d1="I did not grow up in the state of Utah",14,if(d1="Iron",15,if(d1="Juab",16,if(d1="Kane",17,if(d1="Layton",18,if(d1="Lindon",19,if(d1="Millard",20,if(d1="Morgan",21,if(d1="Ogden",22,if(d1="Orem",23,if(d1="Payson",24,if(d1="Piute",25, | D25: =Sheet1!P26 -> I did not grow up in the state of Utah | E25: =IF(D25="American Fork",1,IF(D25="Beaver",2,IF(D25="Box Elder",3,IF(D25="Cache",4,IF(D25="Carbon",5,IF(D25="Daggett",6,IF(D25="Davis",7,IF(D25="Duchesne",8,IF(D25="Eagle Mountain",9,IF(D25="Emery",10,IF(D25="Garfield",11,IF(D25="Grand",12,IF(D25="Herriman",13,IF(D25="I did not grow up in the state of Utah",14,IF(D25="Iron",15,IF(D25="Juab",16,IF(D25="Kane",17,IF(D25="Layton",18,IF(D25="Lindon",19,IF(D25="Millard",20,IF(D25="Morgan",21,IF(D25="Ogden",22,IF(D25="Orem",23,IF(D25="Payson",24,IF(D25="Piute",25,IF(D25="Pleasant Grove",26,IF(D25="Provo",27,IF(D25="Rich",28,IF(D25="Salt Lake",29,IF(D25="San Juan",30,IF(D25="Sanpete",31,IF(D25="Saratoga Springs",32,IF(D25="Sevier",33,IF(D25="Springville",34,IF(D25="Summit",35,IF(D25="Tooele",36,IF(D25="Uintah",37,IF(D25="Wasatch",38,IF(D25="Washington",39,IF(D25="Wayne",40,41)))))))))))))))))))))))))))))))))))))))) -> 14 | G25: =Sheet1!O26 -> 1-5 students | J25: =IF(G1="1-5 students",5,IF(G1="6-10 students",10,IF(G1="11-15 students",15,IF(G1="16-20 students",20,IF(G1="21-25 students",25,IF(G1="26-30 students",30,IF(G1="31-35 students",35,IF(G1="36-40 students",40,IF(G1="41-45 students",45,IF(G1="46-50 students",50,IF(G1="51 or more students",55,"ph"))))))))))) -> 30 | U25: =D24 -> American Fork | Y25: =E24 -> 1 | AA25: =G24 -> 21-25 students | AC25: =_xlfn.FLOOR.MATH(J48/5+0.2) -> 5 | AE25: =Sheet1!R25 -> American Fork | AI25: =IF(AE25="Weber","Eastern Utah",IF(AE25="Wayne","Eastern Utah",IF(AE25="Washington","Western Utah",IF(AE25="Wasatch","Eastern Utah",IF(AE25="Uintah","Eastern Utah",IF(AE25="Tooele","Midwest Utah",IF(AE25="Summit","Eastern Utah",IF(AE25="Springville","South East Utah County",IF(AE25="Sevier","Midwest Utah",IF(AE25="Saratoga Springs","North East Utah County",IF(AE25="Sanpete","Midwest Utah",IF(AE25="San Juan","Midwest Utah",IF(AE25="Salt Lake","Eastern Utah",IF(AE25="Rich","Eastern Utah",IF(AE25="Provo","Western Utah County",IF(AE25="Pleasant Grove","South East Utah County",IF(AE25="Piute","Midwest Utah",IF(AE25="Payson","South East Utah County",IF(AE25="Orem","South East Utah County",IF(AE25="Ogden","Western Utah County",IF(AE25="Morgan","Eastern Utah",IF(AE25="Millard","Midwest Utah",IF(AE25="Lindon","South East Utah County",IF(AE25="Layton","North East Utah County",IF(AE25="Kane","Western Utah",IF(AE25="Juab","Midwest Utah",IF(AE25="Iron","Western Utah",IF(AE25="I did not grow up in the state of Utah","South",IF(AE25="Herriman","Western Utah County",IF(AE25="Grand","Eastern Utah",IF(AE25="Garfield","Midwest Utah",IF(AE25="Emery","Eastern Utah",IF(AE25="Eagle Mountain","Western Utah County",IF(AE25="Duchesne","Eastern Utah",IF(AE25="Davis","Eastern Utah",IF(AE25="Daggett","Eastern Utah",IF(AE25="Carbon","Eastern Utah",IF(AE25="Cache","Midwest Utah",IF(AE25="Box Elder","Midwest Utah",IF(AE25="Beaver","Western Utah",IF(AE25="American Fork","North East Utah County",IF(AE25="Washington State","West",IF(AE25="Virginia","South",IF(AE25="Texas","South",IF(AE25="South Carolina","South",IF(AE25="Phoenix, Arizona","North",IF(AE25="Pennsylvania","East",IF(AE25="Ohio","North",IF(AE25="North Carolina","South",IF(AE25="New York","East",IF(AE25="New Jersey","East",IF(AE25="Nevada","West",IF(AE25="Massachusetts","East",IF(AE25="Lake Havasu, Arizona","West",IF(AE25="Iowa","North",IF(AE25="Idaho","West",IF(AE25="Hawaii","West",IF(AE25="Gilbert, Arizona","South",IF(AE25="Foreign Country","Not From America",IF(AE25="California","West",IF(AE25="Arkansas","North",IF(AE25="Alaska","West","x")))))))))))))))))))))))))))))))))))))))))))))))))))))))))))))) -> North East Utah County | AL25: =IF(AI25="North East Utah County",1,IF(AI25="South East Utah County",2,IF(AI25="Western Utah County",3,IF(AI25="Eastern Utah",4,IF(AI25="Midwest Utah",5,IF(AI25="Western Utah",6,IF(AI25="North",7,IF(AI25="South",8,IF(AI25="East",9,IF(AI25="West",10,IF(AI25="Not From America",11,0))))))))))) -> 1
A26: Pleasant Grove | B26: =1+B25 -> 26 | C26: =_xlfn.CONCAT(C25,"if(d1=",$Q$16,A26,$Q$16,",",B26,",") -> if(d1="American Fork",1,if(d1="Beaver",2,if(d1="Box Elder",3,if(d1="Cache",4,if(d1="Carbon",5,if(d1="Daggett",6,if(d1="Davis",7,if(d1="Duchesne",8,if(d1="Eagle Mountain",9,if(d1="Emery",10,if(d1="Garfield",11,if(d1="Grand",12,if(d1="Herriman",13,if(d1="I did not grow up in the state of Utah",14,if(d1="Iron",15,if(d1="Juab",16,if(d1="Kane",17,if(d1="Layton",18,if(d1="Lindon",19,if(d1="Millard",20,if(d1="Morgan",21,if(d1="Ogden",22,if(d1="Orem",23,if(d1="Payson",24,if(d1="Piute",25,if(d1="Pleasant Grove",26, | D26: =Sheet1!P27 -> I did not grow up in the state of Utah | E26: =IF(D26="American Fork",1,IF(D26="Beaver",2,IF(D26="Box Elder",3,IF(D26="Cache",4,IF(D26="Carbon",5,IF(D26="Daggett",6,IF(D26="Davis",7,IF(D26="Duchesne",8,IF(D26="Eagle Mountain",9,IF(D26="Emery",10,IF(D26="Garfield",11,IF(D26="Grand",12,IF(D26="Herriman",13,IF(D26="I did not grow up in the state of Utah",14,IF(D26="Iron",15,IF(D26="Juab",16,IF(D26="Kane",17,IF(D26="Layton",18,IF(D26="Lindon",19,IF(D26="Millard",20,IF(D26="Morgan",21,IF(D26="Ogden",22,IF(D26="Orem",23,IF(D26="Payson",24,IF(D26="Piute",25,IF(D26="Pleasant Grove",26,IF(D26="Provo",27,IF(D26="Rich",28,IF(D26="Salt Lake",29,IF(D26="San Juan",30,IF(D26="Sanpete",31,IF(D26="Saratoga Springs",32,IF(D26="Sevier",33,IF(D26="Springville",34,IF(D26="Summit",35,IF(D26="Tooele",36,IF(D26="Uintah",37,IF(D26="Wasatch",38,IF(D26="Washington",39,IF(D26="Wayne",40,41)))))))))))))))))))))))))))))))))))))))) -> 14 | G26: =Sheet1!O27 -> 31-35 students | J26: =IF(G2="1-5 students",5,IF(G2="6-10 students",10,IF(G2="11-15 students",15,IF(G2="16-20 students",20,IF(G2="21-25 students",25,IF(G2="26-30 students",30,IF(G2="31-35 students",35,IF(G2="36-40 students",40,IF(G2="41-45 students",45,IF(G2="46-50 students",50,IF(G2="51 or more students",55,"ph"))))))))))) -> 30 | U26: =D25 -> I did not grow up in the state of Utah | Y26: =E25 -> 14 | AA26: =G25 -> 1-5 students | AC26: =_xlfn.FLOOR.MATH(J49/5+0.2) -> 1 | AE26: =Sheet1!R26 -> Texas | AI26: =IF(AE26="Weber","Eastern Utah",IF(AE26="Wayne","Eastern Utah",IF(AE26="Washington","Western Utah",IF(AE26="Wasatch","Eastern Utah",IF(AE26="Uintah","Eastern Utah",IF(AE26="Tooele","Midwest Utah",IF(AE26="Summit","Eastern Utah",IF(AE26="Springville","South East Utah County",IF(AE26="Sevier","Midwest Utah",IF(AE26="Saratoga Springs","North East Utah County",IF(AE26="Sanpete","Midwest Utah",IF(AE26="San Juan","Midwest Utah",IF(AE26="Salt Lake","Eastern Utah",IF(AE26="Rich","Eastern Utah",IF(AE26="Provo","Western Utah County",IF(AE26="Pleasant Grove","South East Utah County",IF(AE26="Piute","Midwest Utah",IF(AE26="Payson","South East Utah County",IF(AE26="Orem","South East Utah County",IF(AE26="Ogden","Western Utah County",IF(AE26="Morgan","Eastern Utah",IF(AE26="Millard","Midwest Utah",IF(AE26="Lindon","South East Utah County",IF(AE26="Layton","North East Utah County",IF(AE26="Kane","Western Utah",IF(AE26="Juab","Midwest Utah",IF(AE26="Iron","Western Utah",IF(AE26="I did not grow up in the state of Utah","South",IF(AE26="Herriman","Western Utah County",IF(AE26="Grand","Eastern Utah",IF(AE26="Garfield","Midwest Utah",IF(AE26="Emery","Eastern Utah",IF(AE26="Eagle Mountain","Western Utah County",IF(AE26="Duchesne","Eastern Utah",IF(AE26="Davis","Eastern Utah",IF(AE26="Daggett","Eastern Utah",IF(AE26="Carbon","Eastern Utah",IF(AE26="Cache","Midwest Utah",IF(AE26="Box Elder","Midwest Utah",IF(AE26="Beaver","Western Utah",IF(AE26="American Fork","North East Utah County",IF(AE26="Washington State","West",IF(AE26="Virginia","South",IF(AE26="Texas","South",IF(AE26="South Carolina","South",IF(AE26="Phoenix, Arizona","North",IF(AE26="Pennsylvania","East",IF(AE26="Ohio","North",IF(AE26="North Carolina","South",IF(AE26="New York","East",IF(AE26="New Jersey","East",IF(AE26="Nevada","West",IF(AE26="Massachusetts","East",IF(AE26="Lake Havasu, Arizona","West",IF(AE26="Iowa","North",IF(AE26="Idaho","West",IF(AE26="Hawaii","West",IF(AE26="Gilbert, Arizona","South",IF(AE26="Foreign Country","Not From America",IF(AE26="California","West",IF(AE26="Arkansas","North",IF(AE26="Alaska","West","x")))))))))))))))))))))))))))))))))))))))))))))))))))))))))))))) -> South | AL26: =IF(AI26="North East Utah County",1,IF(AI26="South East Utah County",2,IF(AI26="Western Utah County",3,IF(AI26="Eastern Utah",4,IF(AI26="Midwest Utah",5,IF(AI26="Western Utah",6,IF(AI26="North",7,IF(AI26="South",8,IF(AI26="East",9,IF(AI26="West",10,IF(AI26="Not From America",11,0))))))))))) -> 8
A27: Provo | B27: =1+B26 -> 27 | C27: =_xlfn.CONCAT(C26,"if(d1=",$Q$16,A27,$Q$16,",",B27,",") -> if(d1="American Fork",1,if(d1="Beaver",2,if(d1="Box Elder",3,if(d1="Cache",4,if(d1="Carbon",5,if(d1="Daggett",6,if(d1="Davis",7,if(d1="Duchesne",8,if(d1="Eagle Mountain",9,if(d1="Emery",10,if(d1="Garfield",11,if(d1="Grand",12,if(d1="Herriman",13,if(d1="I did not grow up in the state of Utah",14,if(d1="Iron",15,if(d1="Juab",16,if(d1="Kane",17,if(d1="Layton",18,if(d1="Lindon",19,if(d1="Millard",20,if(d1="Morgan",21,if(d1="Ogden",22,if(d1="Orem",23,if(d1="Payson",24,if(d1="Piute",25,if(d1="Pleasant Grove",26,if(d1="Provo",27, | D27: =Sheet1!P28 -> I did not grow up in the state of Utah | E27: =IF(D27="American Fork",1,IF(D27="Beaver",2,IF(D27="Box Elder",3,IF(D27="Cache",4,IF(D27="Carbon",5,IF(D27="Daggett",6,IF(D27="Davis",7,IF(D27="Duchesne",8,IF(D27="Eagle Mountain",9,IF(D27="Emery",10,IF(D27="Garfield",11,IF(D27="Grand",12,IF(D27="Herriman",13,IF(D27="I did not grow up in the state of Utah",14,IF(D27="Iron",15,IF(D27="Juab",16,IF(D27="Kane",17,IF(D27="Layton",18,IF(D27="Lindon",19,IF(D27="Millard",20,IF(D27="Morgan",21,IF(D27="Ogden",22,IF(D27="Orem",23,IF(D27="Payson",24,IF(D27="Piute",25,IF(D27="Pleasant Grove",26,IF(D27="Provo",27,IF(D27="Rich",28,IF(D27="Salt Lake",29,IF(D27="San Juan",30,IF(D27="Sanpete",31,IF(D27="Saratoga Springs",32,IF(D27="Sevier",33,IF(D27="Springville",34,IF(D27="Summit",35,IF(D27="Tooele",36,IF(D27="Uintah",37,IF(D27="Wasatch",38,IF(D27="Washington",39,IF(D27="Wayne",40,41)))))))))))))))))))))))))))))))))))))))) -> 14 | G27: =Sheet1!O28 -> 21-25 students | J27: =IF(G3="1-5 students",5,IF(G3="6-10 students",10,IF(G3="11-15 students",15,IF(G3="16-20 students",20,IF(G3="21-25 students",25,IF(G3="26-30 students",30,IF(G3="31-35 students",35,IF(G3="36-40 students",40,IF(G3="41-45 students",45,IF(G3="46-50 students",50,IF(G3="51 or more students",55,"ph"))))))))))) -> 30 | U27: =D26 -> I did not grow up in the state of Utah | Y27: =E26 -> 14 | AA27: =G26 -> 31-35 students | AC27: =_xlfn.FLOOR.MATH(J50/5+0.2) -> 7 | AE27: =Sheet1!R27 -> California | AI27: =IF(AE27="Weber","Eastern Utah",IF(AE27="Wayne","Eastern Utah",IF(AE27="Washington","Western Utah",IF(AE27="Wasatch","Eastern Utah",IF(AE27="Uintah","Eastern Utah",IF(AE27="Tooele","Midwest Utah",IF(AE27="Summit","Eastern Utah",IF(AE27="Springville","South East Utah County",IF(AE27="Sevier","Midwest Utah",IF(AE27="Saratoga Springs","North East Utah County",IF(AE27="Sanpete","Midwest Utah",IF(AE27="San Juan","Midwest Utah",IF(AE27="Salt Lake","Eastern Utah",IF(AE27="Rich","Eastern Utah",IF(AE27="Provo","Western Utah County",IF(AE27="Pleasant Grove","South East Utah County",IF(AE27="Piute","Midwest Utah",IF(AE27="Payson","South East Utah County",IF(AE27="Orem","South East Utah County",IF(AE27="Ogden","Western Utah County",IF(AE27="Morgan","Eastern Utah",IF(AE27="Millard","Midwest Utah",IF(AE27="Lindon","South East Utah County",IF(AE27="Layton","North East Utah County",IF(AE27="Kane","Western Utah",IF(AE27="Juab","Midwest Utah",IF(AE27="Iron","Western Utah",IF(AE27="I did not grow up in the state of Utah","South",IF(AE27="Herriman","Western Utah County",IF(AE27="Grand","Eastern Utah",IF(AE27="Garfield","Midwest Utah",IF(AE27="Emery","Eastern Utah",IF(AE27="Eagle Mountain","Western Utah County",IF(AE27="Duchesne","Eastern Utah",IF(AE27="Davis","Eastern Utah",IF(AE27="Daggett","Eastern Utah",IF(AE27="Carbon","Eastern Utah",IF(AE27="Cache","Midwest Utah",IF(AE27="Box Elder","Midwest Utah",IF(AE27="Beaver","Western Utah",IF(AE27="American Fork","North East Utah County",IF(AE27="Washington State","West",IF(AE27="Virginia","South",IF(AE27="Texas","South",IF(AE27="South Carolina","South",IF(AE27="Phoenix, Arizona","North",IF(AE27="Pennsylvania","East",IF(AE27="Ohio","North",IF(AE27="North Carolina","South",IF(AE27="New York","East",IF(AE27="New Jersey","East",IF(AE27="Nevada","West",IF(AE27="Massachusetts","East",IF(AE27="Lake Havasu, Arizona","West",IF(AE27="Iowa","North",IF(AE27="Idaho","West",IF(AE27="Hawaii","West",IF(AE27="Gilbert, Arizona","South",IF(AE27="Foreign Country","Not From America",IF(AE27="California","West",IF(AE27="Arkansas","North",IF(AE27="Alaska","West","x")))))))))))))))))))))))))))))))))))))))))))))))))))))))))))))) -> West | AL27: =IF(AI27="North East Utah County",1,IF(AI27="South East Utah County",2,IF(AI27="Western Utah County",3,IF(AI27="Eastern Utah",4,IF(AI27="Midwest Utah",5,IF(AI27="Western Utah",6,IF(AI27="North",7,IF(AI27="South",8,IF(AI27="East",9,IF(AI27="West",10,IF(AI27="Not From America",11,0))))))))))) -> 10
A28: Rich | B28: =1+B27 -> 28 | C28: =_xlfn.CONCAT(C27,"if(d1=",$Q$16,A28,$Q$16,",",B28,",") -> if(d1="American Fork",1,if(d1="Beaver",2,if(d1="Box Elder",3,if(d1="Cache",4,if(d1="Carbon",5,if(d1="Daggett",6,if(d1="Davis",7,if(d1="Duchesne",8,if(d1="Eagle Mountain",9,if(d1="Emery",10,if(d1="Garfield",11,if(d1="Grand",12,if(d1="Herriman",13,if(d1="I did not grow up in the state of Utah",14,if(d1="Iron",15,if(d1="Juab",16,if(d1="Kane",17,if(d1="Layton",18,if(d1="Lindon",19,if(d1="Millard",20,if(d1="Morgan",21,if(d1="Ogden",22,if(d1="Orem",23,if(d1="Payson",24,if(d1="Piute",25,if(d1="Pleasant Grove",26,if(d1="Provo",27,if(d1="Rich",28, | D28: =Sheet1!P29 -> I did not grow up in the state of Utah | E28: =IF(D28="American Fork",1,IF(D28="Beaver",2,IF(D28="Box Elder",3,IF(D28="Cache",4,IF(D28="Carbon",5,IF(D28="Daggett",6,IF(D28="Davis",7,IF(D28="Duchesne",8,IF(D28="Eagle Mountain",9,IF(D28="Emery",10,IF(D28="Garfield",11,IF(D28="Grand",12,IF(D28="Herriman",13,IF(D28="I did not grow up in the state of Utah",14,IF(D28="Iron",15,IF(D28="Juab",16,IF(D28="Kane",17,IF(D28="Layton",18,IF(D28="Lindon",19,IF(D28="Millard",20,IF(D28="Morgan",21,IF(D28="Ogden",22,IF(D28="Orem",23,IF(D28="Payson",24,IF(D28="Piute",25,IF(D28="Pleasant Grove",26,IF(D28="Provo",27,IF(D28="Rich",28,IF(D28="Salt Lake",29,IF(D28="San Juan",30,IF(D28="Sanpete",31,IF(D28="Saratoga Springs",32,IF(D28="Sevier",33,IF(D28="Springville",34,IF(D28="Summit",35,IF(D28="Tooele",36,IF(D28="Uintah",37,IF(D28="Wasatch",38,IF(D28="Washington",39,IF(D28="Wayne",40,41)))))))))))))))))))))))))))))))))))))))) -> 14 | G28: =Sheet1!O29 -> 26-30 students | J28: =IF(G4="1-5 students",5,IF(G4="6-10 students",10,IF(G4="11-15 students",15,IF(G4="16-20 students",20,IF(G4="21-25 students",25,IF(G4="26-30 students",30,IF(G4="31-35 students",35,IF(G4="36-40 students",40,IF(G4="41-45 students",45,IF(G4="46-50 students",50,IF(G4="51 or more students",55,"ph"))))))))))) -> 35 | U28: =D27 -> I did not grow up in the state of Utah | Y28: =E27 -> 14 | AA28: =G27 -> 21-25 students | AC28: =_xlfn.FLOOR.MATH(J51/5+0.2) -> 5 | AE28: =Sheet1!R28 -> California | AI28: =IF(AE28="Weber","Eastern Utah",IF(AE28="Wayne","Eastern Utah",IF(AE28="Washington","Western Utah",IF(AE28="Wasatch","Eastern Utah",IF(AE28="Uintah","Eastern Utah",IF(AE28="Tooele","Midwest Utah",IF(AE28="Summit","Eastern Utah",IF(AE28="Springville","South East Utah County",IF(AE28="Sevier","Midwest Utah",IF(AE28="Saratoga Springs","North East Utah County",IF(AE28="Sanpete","Midwest Utah",IF(AE28="San Juan","Midwest Utah",IF(AE28="Salt Lake","Eastern Utah",IF(AE28="Rich","Eastern Utah",IF(AE28="Provo","Western Utah County",IF(AE28="Pleasant Grove","South East Utah County",IF(AE28="Piute","Midwest Utah",IF(AE28="Payson","South East Utah County",IF(AE28="Orem","South East Utah County",IF(AE28="Ogden","Western Utah County",IF(AE28="Morgan","Eastern Utah",IF(AE28="Millard","Midwest Utah",IF(AE28="Lindon","South East Utah County",IF(AE28="Layton","North East Utah County",IF(AE28="Kane","Western Utah",IF(AE28="Juab","Midwest Utah",IF(AE28="Iron","Western Utah",IF(AE28="I did not grow up in the state of Utah","South",IF(AE28="Herriman","Western Utah County",IF(AE28="Grand","Eastern Utah",IF(AE28="Garfield","Midwest Utah",IF(AE28="Emery","Eastern Utah",IF(AE28="Eagle Mountain","Western Utah County",IF(AE28="Duchesne","Eastern Utah",IF(AE28="Davis","Eastern Utah",IF(AE28="Daggett","Eastern Utah",IF(AE28="Carbon","Eastern Utah",IF(AE28="Cache","Midwest Utah",IF(AE28="Box Elder","Midwest Utah",IF(AE28="Beaver","Western Utah",IF(AE28="American Fork","North East Utah County",IF(AE28="Washington State","West",IF(AE28="Virginia","South",IF(AE28="Texas","South",IF(AE28="South Carolina","South",IF(AE28="Phoenix, Arizona","North",IF(AE28="Pennsylvania","East",IF(AE28="Ohio","North",IF(AE28="North Carolina","South",IF(AE28="New York","East",IF(AE28="New Jersey","East",IF(AE28="Nevada","West",IF(AE28="Massachusetts","East",IF(AE28="Lake Havasu, Arizona","West",IF(AE28="Iowa","North",IF(AE28="Idaho","West",IF(AE28="Hawaii","West",IF(AE28="Gilbert, Arizona","South",IF(AE28="Foreign Country","Not From America",IF(AE28="California","West",IF(AE28="Arkansas","North",IF(AE28="Alaska","West","x")))))))))))))))))))))))))))))))))))))))))))))))))))))))))))))) -> West | AL28: =IF(AI28="North East Utah County",1,IF(AI28="South East Utah County",2,IF(AI28="Western Utah County",3,IF(AI28="Eastern Utah",4,IF(AI28="Midwest Utah",5,IF(AI28="Western Utah",6,IF(AI28="North",7,IF(AI28="South",8,IF(AI28="East",9,IF(AI28="West",10,IF(AI28="Not From America",11,0))))))))))) -> 10
A29: Salt Lake | B29: =1+B28 -> 29 | C29: =_xlfn.CONCAT(C28,"if(d1=",$Q$16,A29,$Q$16,",",B29,",") -> if(d1="American Fork",1,if(d1="Beaver",2,if(d1="Box Elder",3,if(d1="Cache",4,if(d1="Carbon",5,if(d1="Daggett",6,if(d1="Davis",7,if(d1="Duchesne",8,if(d1="Eagle Mountain",9,if(d1="Emery",10,if(d1="Garfield",11,if(d1="Grand",12,if(d1="Herriman",13,if(d1="I did not grow up in the state of Utah",14,if(d1="Iron",15,if(d1="Juab",16,if(d1="Kane",17,if(d1="Layton",18,if(d1="Lindon",19,if(d1="Millard",20,if(d1="Morgan",21,if(d1="Ogden",22,if(d1="Orem",23,if(d1="Payson",24,if(d1="Piute",25,if(d1="Pleasant Grove",26,if(d1="Provo",27,if(d1="Rich",28,if(d1="Salt Lake",29, | D29: =Sheet1!P30 -> I did not grow up in the state of Utah | E29: =IF(D29="American Fork",1,IF(D29="Beaver",2,IF(D29="Box Elder",3,IF(D29="Cache",4,IF(D29="Carbon",5,IF(D29="Daggett",6,IF(D29="Davis",7,IF(D29="Duchesne",8,IF(D29="Eagle Mountain",9,IF(D29="Emery",10,IF(D29="Garfield",11,IF(D29="Grand",12,IF(D29="Herriman",13,IF(D29="I did not grow up in the state of Utah",14,IF(D29="Iron",15,IF(D29="Juab",16,IF(D29="Kane",17,IF(D29="Layton",18,IF(D29="Lindon",19,IF(D29="Millard",20,IF(D29="Morgan",21,IF(D29="Ogden",22,IF(D29="Orem",23,IF(D29="Payson",24,IF(D29="Piute",25,IF(D29="Pleasant Grove",26,IF(D29="Provo",27,IF(D29="Rich",28,IF(D29="Salt Lake",29,IF(D29="San Juan",30,IF(D29="Sanpete",31,IF(D29="Saratoga Springs",32,IF(D29="Sevier",33,IF(D29="Springville",34,IF(D29="Summit",35,IF(D29="Tooele",36,IF(D29="Uintah",37,IF(D29="Wasatch",38,IF(D29="Washington",39,IF(D29="Wayne",40,41)))))))))))))))))))))))))))))))))))))))) -> 14 | G29: =Sheet1!O30 -> 26-30 students | J29: =IF(G5="1-5 students",5,IF(G5="6-10 students",10,IF(G5="11-15 students",15,IF(G5="16-20 students",20,IF(G5="21-25 students",25,IF(G5="26-30 students",30,IF(G5="31-35 students",35,IF(G5="36-40 students",40,IF(G5="41-45 students",45,IF(G5="46-50 students",50,IF(G5="51 or more students",55,"ph"))))))))))) -> 25 | U29: =D28 -> I did not grow up in the state of Utah | Y29: =E28 -> 14 | AA29: =G28 -> 26-30 students | AC29: =_xlfn.FLOOR.MATH(J52/5+0.2) -> 6 | AE29: =Sheet1!R29 -> California | AI29: =IF(AE29="Weber","Eastern Utah",IF(AE29="Wayne","Eastern Utah",IF(AE29="Washington","Western Utah",IF(AE29="Wasatch","Eastern Utah",IF(AE29="Uintah","Eastern Utah",IF(AE29="Tooele","Midwest Utah",IF(AE29="Summit","Eastern Utah",IF(AE29="Springville","South East Utah County",IF(AE29="Sevier","Midwest Utah",IF(AE29="Saratoga Springs","North East Utah County",IF(AE29="Sanpete","Midwest Utah",IF(AE29="San Juan","Midwest Utah",IF(AE29="Salt Lake","Eastern Utah",IF(AE29="Rich","Eastern Utah",IF(AE29="Provo","Western Utah County",IF(AE29="Pleasant Grove","South East Utah County",IF(AE29="Piute","Midwest Utah",IF(AE29="Payson","South East Utah County",IF(AE29="Orem","South East Utah County",IF(AE29="Ogden","Western Utah County",IF(AE29="Morgan","Eastern Utah",IF(AE29="Millard","Midwest Utah",IF(AE29="Lindon","South East Utah County",IF(AE29="Layton","North East Utah County",IF(AE29="Kane","Western Utah",IF(AE29="Juab","Midwest Utah",IF(AE29="Iron","Western Utah",IF(AE29="I did not grow up in the state of Utah","South",IF(AE29="Herriman","Western Utah County",IF(AE29="Grand","Eastern Utah",IF(AE29="Garfield","Midwest Utah",IF(AE29="Emery","Eastern Utah",IF(AE29="Eagle Mountain","Western Utah County",IF(AE29="Duchesne","Eastern Utah",IF(AE29="Davis","Eastern Utah",IF(AE29="Daggett","Eastern Utah",IF(AE29="Carbon","Eastern Utah",IF(AE29="Cache","Midwest Utah",IF(AE29="Box Elder","Midwest Utah",IF(AE29="Beaver","Western Utah",IF(AE29="American Fork","North East Utah County",IF(AE29="Washington State","West",IF(AE29="Virginia","South",IF(AE29="Texas","South",IF(AE29="South Carolina","South",IF(AE29="Phoenix, Arizona","North",IF(AE29="Pennsylvania","East",IF(AE29="Ohio","North",IF(AE29="North Carolina","South",IF(AE29="New York","East",IF(AE29="New Jersey","East",IF(AE29="Nevada","West",IF(AE29="Massachusetts","East",IF(AE29="Lake Havasu, Arizona","West",IF(AE29="Iowa","North",IF(AE29="Idaho","West",IF(AE29="Hawaii","West",IF(AE29="Gilbert, Arizona","South",IF(AE29="Foreign Country","Not From America",IF(AE29="California","West",IF(AE29="Arkansas","North",IF(AE29="Alaska","West","x")))))))))))))))))))))))))))))))))))))))))))))))))))))))))))))) -> West | AL29: =IF(AI29="North East Utah County",1,IF(AI29="South East Utah County",2,IF(AI29="Western Utah County",3,IF(AI29="Eastern Utah",4,IF(AI29="Midwest Utah",5,IF(AI29="Western Utah",6,IF(AI29="North",7,IF(AI29="South",8,IF(AI29="East",9,IF(AI29="West",10,IF(AI29="Not From America",11,0))))))))))) -> 10
A30: San Juan | B30: =1+B29 -> 30 | C30: =_xlfn.CONCAT(C29,"if(d1=",$Q$16,A30,$Q$16,",",B30,",") -> if(d1="American Fork",1,if(d1="Beaver",2,if(d1="Box Elder",3,if(d1="Cache",4,if(d1="Carbon",5,if(d1="Daggett",6,if(d1="Davis",7,if(d1="Duchesne",8,if(d1="Eagle Mountain",9,if(d1="Emery",10,if(d1="Garfield",11,if(d1="Grand",12,if(d1="Herriman",13,if(d1="I did not grow up in the state of Utah",14,if(d1="Iron",15,if(d1="Juab",16,if(d1="Kane",17,if(d1="Layton",18,if(d1="Lindon",19,if(d1="Millard",20,if(d1="Morgan",21,if(d1="Ogden",22,if(d1="Orem",23,if(d1="Payson",24,if(d1="Piute",25,if(d1="Pleasant Grove",26,if(d1="Provo",27,if(d1="Rich",28,if(d1="Salt Lake",29,if(d1="San Juan",30, | D30: =Sheet1!P31 -> I did not grow up in the state of Utah | E30: =IF(D30="American Fork",1,IF(D30="Beaver",2,IF(D30="Box Elder",3,IF(D30="Cache",4,IF(D30="Carbon",5,IF(D30="Daggett",6,IF(D30="Davis",7,IF(D30="Duchesne",8,IF(D30="Eagle Mountain",9,IF(D30="Emery",10,IF(D30="Garfield",11,IF(D30="Grand",12,IF(D30="Herriman",13,IF(D30="I did not grow up in the state of Utah",14,IF(D30="Iron",15,IF(D30="Juab",16,IF(D30="Kane",17,IF(D30="Layton",18,IF(D30="Lindon",19,IF(D30="Millard",20,IF(D30="Morgan",21,IF(D30="Ogden",22,IF(D30="Orem",23,IF(D30="Payson",24,IF(D30="Piute",25,IF(D30="Pleasant Grove",26,IF(D30="Provo",27,IF(D30="Rich",28,IF(D30="Salt Lake",29,IF(D30="San Juan",30,IF(D30="Sanpete",31,IF(D30="Saratoga Springs",32,IF(D30="Sevier",33,IF(D30="Springville",34,IF(D30="Summit",35,IF(D30="Tooele",36,IF(D30="Uintah",37,IF(D30="Wasatch",38,IF(D30="Washington",39,IF(D30="Wayne",40,41)))))))))))))))))))))))))))))))))))))))) -> 14 | G30: =Sheet1!O31 -> 31-35 students | J30: =IF(G6="1-5 students",5,IF(G6="6-10 students",10,IF(G6="11-15 students",15,IF(G6="16-20 students",20,IF(G6="21-25 students",25,IF(G6="26-30 students",30,IF(G6="31-35 students",35,IF(G6="36-40 students",40,IF(G6="41-45 students",45,IF(G6="46-50 students",50,IF(G6="51 or more students",55,"ph"))))))))))) -> 25 | U30: =D29 -> I did not grow up in the state of Utah | Y30: =E29 -> 14 | AA30: =G29 -> 26-30 students | AC30: =_xlfn.FLOOR.MATH(J53/5+0.2) -> 6 | AE30: =Sheet1!R30 -> California | AI30: =IF(AE30="Weber","Eastern Utah",IF(AE30="Wayne","Eastern Utah",IF(AE30="Washington","Western Utah",IF(AE30="Wasatch","Eastern Utah",IF(AE30="Uintah","Eastern Utah",IF(AE30="Tooele","Midwest Utah",IF(AE30="Summit","Eastern Utah",IF(AE30="Springville","South East Utah County",IF(AE30="Sevier","Midwest Utah",IF(AE30="Saratoga Springs","North East Utah County",IF(AE30="Sanpete","Midwest Utah",IF(AE30="San Juan","Midwest Utah",IF(AE30="Salt Lake","Eastern Utah",IF(AE30="Rich","Eastern Utah",IF(AE30="Provo","Western Utah County",IF(AE30="Pleasant Grove","South East Utah County",IF(AE30="Piute","Midwest Utah",IF(AE30="Payson","South East Utah County",IF(AE30="Orem","South East Utah County",IF(AE30="Ogden","Western Utah County",IF(AE30="Morgan","Eastern Utah",IF(AE30="Millard","Midwest Utah",IF(AE30="Lindon","South East Utah County",IF(AE30="Layton","North East Utah County",IF(AE30="Kane","Western Utah",IF(AE30="Juab","Midwest Utah",IF(AE30="Iron","Western Utah",IF(AE30="I did not grow up in the state of Utah","South",IF(AE30="Herriman","Western Utah County",IF(AE30="Grand","Eastern Utah",IF(AE30="Garfield","Midwest Utah",IF(AE30="Emery","Eastern Utah",IF(AE30="Eagle Mountain","Western Utah County",IF(AE30="Duchesne","Eastern Utah",IF(AE30="Davis","Eastern Utah",IF(AE30="Daggett","Eastern Utah",IF(AE30="Carbon","Eastern Utah",IF(AE30="Cache","Midwest Utah",IF(AE30="Box Elder","Midwest Utah",IF(AE30="Beaver","Western Utah",IF(AE30="American Fork","North East Utah County",IF(AE30="Washington State","West",IF(AE30="Virginia","South",IF(AE30="Texas","South",IF(AE30="South Carolina","South",IF(AE30="Phoenix, Arizona","North",IF(AE30="Pennsylvania","East",IF(AE30="Ohio","North",IF(AE30="North Carolina","South",IF(AE30="New York","East",IF(AE30="New Jersey","East",IF(AE30="Nevada","West",IF(AE30="Massachusetts","East",IF(AE30="Lake Havasu, Arizona","West",IF(AE30="Iowa","North",IF(AE30="Idaho","West",IF(AE30="Hawaii","West",IF(AE30="Gilbert, Arizona","South",IF(AE30="Foreign Country","Not From America",IF(AE30="California","West",IF(AE30="Arkansas","North",IF(AE30="Alaska","West","x")))))))))))))))))))))))))))))))))))))))))))))))))))))))))))))) -> West | AL30: =IF(AI30="North East Utah County",1,IF(AI30="South East Utah County",2,IF(AI30="Western Utah County",3,IF(AI30="Eastern Utah",4,IF(AI30="Midwest Utah",5,IF(AI30="Western Utah",6,IF(AI30="North",7,IF(AI30="South",8,IF(AI30="East",9,IF(AI30="West",10,IF(AI30="Not From America",11,0))))))))))) -> 10
A31: Sanpete | B31: =1+B30 -> 31 | C31: =_xlfn.CONCAT(C30,"if(d1=",$Q$16,A31,$Q$16,",",B31,",") -> if(d1="American Fork",1,if(d1="Beaver",2,if(d1="Box Elder",3,if(d1="Cache",4,if(d1="Carbon",5,if(d1="Daggett",6,if(d1="Davis",7,if(d1="Duchesne",8,if(d1="Eagle Mountain",9,if(d1="Emery",10,if(d1="Garfield",11,if(d1="Grand",12,if(d1="Herriman",13,if(d1="I did not grow up in the state of Utah",14,if(d1="Iron",15,if(d1="Juab",16,if(d1="Kane",17,if(d1="Layton",18,if(d1="Lindon",19,if(d1="Millard",20,if(d1="Morgan",21,if(d1="Ogden",22,if(d1="Orem",23,if(d1="Payson",24,if(d1="Piute",25,if(d1="Pleasant Grove",26,if(d1="Provo",27,if(d1="Rich",28,if(d1="Salt Lake",29,if(d1="San Juan",30,if(d1="Sanpete",31, | D31: =Sheet1!P32 -> I did not grow up in the state of Utah | E31: =IF(D31="American Fork",1,IF(D31="Beaver",2,IF(D31="Box Elder",3,IF(D31="Cache",4,IF(D31="Carbon",5,IF(D31="Daggett",6,IF(D31="Davis",7,IF(D31="Duchesne",8,IF(D31="Eagle Mountain",9,IF(D31="Emery",10,IF(D31="Garfield",11,IF(D31="Grand",12,IF(D31="Herriman",13,IF(D31="I did not grow up in the state of Utah",14,IF(D31="Iron",15,IF(D31="Juab",16,IF(D31="Kane",17,IF(D31="Layton",18,IF(D31="Lindon",19,IF(D31="Millard",20,IF(D31="Morgan",21,IF(D31="Ogden",22,IF(D31="Orem",23,IF(D31="Payson",24,IF(D31="Piute",25,IF(D31="Pleasant Grove",26,IF(D31="Provo",27,IF(D31="Rich",28,IF(D31="Salt Lake",29,IF(D31="San Juan",30,IF(D31="Sanpete",31,IF(D31="Saratoga Springs",32,IF(D31="Sevier",33,IF(D31="Springville",34,IF(D31="Summit",35,IF(D31="Tooele",36,IF(D31="Uintah",37,IF(D31="Wasatch",38,IF(D31="Washington",39,IF(D31="Wayne",40,41)))))))))))))))))))))))))))))))))))))))) -> 14 | G31: =Sheet1!O32 -> 31-35 students | J31: =IF(G7="1-5 students",5,IF(G7="6-10 students",10,IF(G7="11-15 students",15,IF(G7="16-20 students",20,IF(G7="21-25 students",25,IF(G7="26-30 students",30,IF(G7="31-35 students",35,IF(G7="36-40 students",40,IF(G7="41-45 students",45,IF(G7="46-50 students",50,IF(G7="51 or more students",55,"ph"))))))))))) -> 30 | L31: Alaska | M31: West | N31: =_xlfn.CONCAT("if(ae2=",$Q$16,L31,$Q$16,",",$Q$16,M31,$Q$16,",",$Q$16,"x",$Q$16,")") -> if(ae2="Alaska","West","x") | U31: =D30 -> I did not grow up in the state of Utah | Y31: =E30 -> 14 | AA31: =G30 -> 31-35 students | AC31: =_xlfn.FLOOR.MATH(J54/5+0.2) -> 7 | AE31: =Sheet1!R31 -> California | AI31: =IF(AE31="Weber","Eastern Utah",IF(AE31="Wayne","Eastern Utah",IF(AE31="Washington","Western Utah",IF(AE31="Wasatch","Eastern Utah",IF(AE31="Uintah","Eastern Utah",IF(AE31="Tooele","Midwest Utah",IF(AE31="Summit","Eastern Utah",IF(AE31="Springville","South East Utah County",IF(AE31="Sevier","Midwest Utah",IF(AE31="Saratoga Springs","North East Utah County",IF(AE31="Sanpete","Midwest Utah",IF(AE31="San Juan","Midwest Utah",IF(AE31="Salt Lake","Eastern Utah",IF(AE31="Rich","Eastern Utah",IF(AE31="Provo","Western Utah County",IF(AE31="Pleasant Grove","South East Utah County",IF(AE31="Piute","Midwest Utah",IF(AE31="Payson","South East Utah County",IF(AE31="Orem","South East Utah County",IF(AE31="Ogden","Western Utah County",IF(AE31="Morgan","Eastern Utah",IF(AE31="Millard","Midwest Utah",IF(AE31="Lindon","South East Utah County",IF(AE31="Layton","North East Utah County",IF(AE31="Kane","Western Utah",IF(AE31="Juab","Midwest Utah",IF(AE31="Iron","Western Utah",IF(AE31="I did not grow up in the state of Utah","South",IF(AE31="Herriman","Western Utah County",IF(AE31="Grand","Eastern Utah",IF(AE31="Garfield","Midwest Utah",IF(AE31="Emery","Eastern Utah",IF(AE31="Eagle Mountain","Western Utah County",IF(AE31="Duchesne","Eastern Utah",IF(AE31="Davis","Eastern Utah",IF(AE31="Daggett","Eastern Utah",IF(AE31="Carbon","Eastern Utah",IF(AE31="Cache","Midwest Utah",IF(AE31="Box Elder","Midwest Utah",IF(AE31="Beaver","Western Utah",IF(AE31="American Fork","North East Utah County",IF(AE31="Washington State","West",IF(AE31="Virginia","South",IF(AE31="Texas","South",IF(AE31="South Carolina","South",IF(AE31="Phoenix, Arizona","North",IF(AE31="Pennsylvania","East",IF(AE31="Ohio","North",IF(AE31="North Carolina","South",IF(AE31="New York","East",IF(AE31="New Jersey","East",IF(AE31="Nevada","West",IF(AE31="Massachusetts","East",IF(AE31="Lake Havasu, Arizona","West",IF(AE31="Iowa","North",IF(AE31="Idaho","West",IF(AE31="Hawaii","West",IF(AE31="Gilbert, Arizona","South",IF(AE31="Foreign Country","Not From America",IF(AE31="California","West",IF(AE31="Arkansas","North",IF(AE31="Alaska","West","x")))))))))))))))))))))))))))))))))))))))))))))))))))))))))))))) -> West | AL31: =IF(AI31="North East Utah County",1,IF(AI31="South East Utah County",2,IF(AI31="Western Utah County",3,IF(AI31="Eastern Utah",4,IF(AI31="Midwest Utah",5,IF(AI31="Western Utah",6,IF(AI31="North",7,IF(AI31="South",8,IF(AI31="East",9,IF(AI31="West",10,IF(AI31="Not From America",11,0))))))))))) -> 10
A32: Saratoga Springs | B32: =1+B31 -> 32 | C32: =_xlfn.CONCAT(C31,"if(d1=",$Q$16,A32,$Q$16,",",B32,",") -> if(d1="American Fork",1,if(d1="Beaver",2,if(d1="Box Elder",3,if(d1="Cache",4,if(d1="Carbon",5,if(d1="Daggett",6,if(d1="Davis",7,if(d1="Duchesne",8,if(d1="Eagle Mountain",9,if(d1="Emery",10,if(d1="Garfield",11,if(d1="Grand",12,if(d1="Herriman",13,if(d1="I did not grow up in the state of Utah",14,if(d1="Iron",15,if(d1="Juab",16,if(d1="Kane",17,if(d1="Layton",18,if(d1="Lindon",19,if(d1="Millard",20,if(d1="Morgan",21,if(d1="Ogden",22,if(d1="Orem",23,if(d1="Payson",24,if(d1="Piute",25,if(d1="Pleasant Grove",26,if(d1="Provo",27,if(d1="Rich",28,if(d1="Salt Lake",29,if(d1="San Juan",30,if(d1="Sanpete",31,if(d1="Saratoga Springs",32, | D32: =Sheet1!P33 -> I did not grow up in the state of Utah | E32: =IF(D32="American Fork",1,IF(D32="Beaver",2,IF(D32="Box Elder",3,IF(D32="Cache",4,IF(D32="Carbon",5,IF(D32="Daggett",6,IF(D32="Davis",7,IF(D32="Duchesne",8,IF(D32="Eagle Mountain",9,IF(D32="Emery",10,IF(D32="Garfield",11,IF(D32="Grand",12,IF(D32="Herriman",13,IF(D32="I did not grow up in the state of Utah",14,IF(D32="Iron",15,IF(D32="Juab",16,IF(D32="Kane",17,IF(D32="Layton",18,IF(D32="Lindon",19,IF(D32="Millard",20,IF(D32="Morgan",21,IF(D32="Ogden",22,IF(D32="Orem",23,IF(D32="Payson",24,IF(D32="Piute",25,IF(D32="Pleasant Grove",26,IF(D32="Provo",27,IF(D32="Rich",28,IF(D32="Salt Lake",29,IF(D32="San Juan",30,IF(D32="Sanpete",31,IF(D32="Saratoga Springs",32,IF(D32="Sevier",33,IF(D32="Springville",34,IF(D32="Summit",35,IF(D32="Tooele",36,IF(D32="Uintah",37,IF(D32="Wasatch",38,IF(D32="Washington",39,IF(D32="Wayne",40,41)))))))))))))))))))))))))))))))))))))))) -> 14 | G32: =Sheet1!O33 -> 26-30 students | J32: =IF(G8="1-5 students",5,IF(G8="6-10 students",10,IF(G8="11-15 students",15,IF(G8="16-20 students",20,IF(G8="21-25 students",25,IF(G8="26-30 students",30,IF(G8="31-35 students",35,IF(G8="36-40 students",40,IF(G8="41-45 students",45,IF(G8="46-50 students",50,IF(G8="51 or more students",55,"ph"))))))))))) -> 20 | L32: Arkansas | M32: North | N32: =_xlfn.CONCAT("if(ae2=",$Q$16,L32,$Q$16,",",$Q$16,M32,$Q$16,",",N31,")") -> if(ae2="Arkansas","North",if(ae2="Alaska","West","x")) | U32: =D31 -> I did not grow up in the state of Utah | Y32: =E31 -> 14 | AA32: =G31 -> 31-35 students | AC32: =_xlfn.FLOOR.MATH(J55/5+0.2) -> 7 | AE32: =Sheet1!R32 -> California | AI32: =IF(AE32="Weber","Eastern Utah",IF(AE32="Wayne","Eastern Utah",IF(AE32="Washington","Western Utah",IF(AE32="Wasatch","Eastern Utah",IF(AE32="Uintah","Eastern Utah",IF(AE32="Tooele","Midwest Utah",IF(AE32="Summit","Eastern Utah",IF(AE32="Springville","South East Utah County",IF(AE32="Sevier","Midwest Utah",IF(AE32="Saratoga Springs","North East Utah County",IF(AE32="Sanpete","Midwest Utah",IF(AE32="San Juan","Midwest Utah",IF(AE32="Salt Lake","Eastern Utah",IF(AE32="Rich","Eastern Utah",IF(AE32="Provo","Western Utah County",IF(AE32="Pleasant Grove","South East Utah County",IF(AE32="Piute","Midwest Utah",IF(AE32="Payson","South East Utah County",IF(AE32="Orem","South East Utah County",IF(AE32="Ogden","Western Utah County",IF(AE32="Morgan","Eastern Utah",IF(AE32="Millard","Midwest Utah",IF(AE32="Lindon","South East Utah County",IF(AE32="Layton","North East Utah County",IF(AE32="Kane","Western Utah",IF(AE32="Juab","Midwest Utah",IF(AE32="Iron","Western Utah",IF(AE32="I did not grow up in the state of Utah","South",IF(AE32="Herriman","Western Utah County",IF(AE32="Grand","Eastern Utah",IF(AE32="Garfield","Midwest Utah",IF(AE32="Emery","Eastern Utah",IF(AE32="Eagle Mountain","Western Utah County",IF(AE32="Duchesne","Eastern Utah",IF(AE32="Davis","Eastern Utah",IF(AE32="Daggett","Eastern Utah",IF(AE32="Carbon","Eastern Utah",IF(AE32="Cache","Midwest Utah",IF(AE32="Box Elder","Midwest Utah",IF(AE32="Beaver","Western Utah",IF(AE32="American Fork","North East Utah County",IF(AE32="Washington State","West",IF(AE32="Virginia","South",IF(AE32="Texas","South",IF(AE32="South Carolina","South",IF(AE32="Phoenix, Arizona","North",IF(AE32="Pennsylvania","East",IF(AE32="Ohio","North",IF(AE32="North Carolina","South",IF(AE32="New York","East",IF(AE32="New Jersey","East",IF(AE32="Nevada","West",IF(AE32="Massachusetts","East",IF(AE32="Lake Havasu, Arizona","West",IF(AE32="Iowa","North",IF(AE32="Idaho","West",IF(AE32="Hawaii","West",IF(AE32="Gilbert, Arizona","South",IF(AE32="Foreign Country","Not From America",IF(AE32="California","West",IF(AE32="Arkansas","North",IF(AE32="Alaska","West","x")))))))))))))))))))))))))))))))))))))))))))))))))))))))))))))) -> West | AL32: =IF(AI32="North East Utah County",1,IF(AI32="South East Utah County",2,IF(AI32="Western Utah County",3,IF(AI32="Eastern Utah",4,IF(AI32="Midwest Utah",5,IF(AI32="Western Utah",6,IF(AI32="North",7,IF(AI32="South",8,IF(AI32="East",9,IF(AI32="West",10,IF(AI32="Not From America",11,0))))))))))) -> 10
A33: Sevier | B33: =1+B32 -> 33 | C33: =_xlfn.CONCAT(C32,"if(d1=",$Q$16,A33,$Q$16,",",B33,",") -> if(d1="American Fork",1,if(d1="Beaver",2,if(d1="Box Elder",3,if(d1="Cache",4,if(d1="Carbon",5,if(d1="Daggett",6,if(d1="Davis",7,if(d1="Duchesne",8,if(d1="Eagle Mountain",9,if(d1="Emery",10,if(d1="Garfield",11,if(d1="Grand",12,if(d1="Herriman",13,if(d1="I did not grow up in the state of Utah",14,if(d1="Iron",15,if(d1="Juab",16,if(d1="Kane",17,if(d1="Layton",18,if(d1="Lindon",19,if(d1="Millard",20,if(d1="Morgan",21,if(d1="Ogden",22,if(d1="Orem",23,if(d1="Payson",24,if(d1="Piute",25,if(d1="Pleasant Grove",26,if(d1="Provo",27,if(d1="Rich",28,if(d1="Salt Lake",29,if(d1="San Juan",30,if(d1="Sanpete",31,if(d1="Saratoga Springs",32,if(d1="Sevier",33, | D33: =Sheet1!P34 -> I did not grow up in the state of Utah | E33: =IF(D33="American Fork",1,IF(D33="Beaver",2,IF(D33="Box Elder",3,IF(D33="Cache",4,IF(D33="Carbon",5,IF(D33="Daggett",6,IF(D33="Davis",7,IF(D33="Duchesne",8,IF(D33="Eagle Mountain",9,IF(D33="Emery",10,IF(D33="Garfield",11,IF(D33="Grand",12,IF(D33="Herriman",13,IF(D33="I did not grow up in the state of Utah",14,IF(D33="Iron",15,IF(D33="Juab",16,IF(D33="Kane",17,IF(D33="Layton",18,IF(D33="Lindon",19,IF(D33="Millard",20,IF(D33="Morgan",21,IF(D33="Ogden",22,IF(D33="Orem",23,IF(D33="Payson",24,IF(D33="Piute",25,IF(D33="Pleasant Grove",26,IF(D33="Provo",27,IF(D33="Rich",28,IF(D33="Salt Lake",29,IF(D33="San Juan",30,IF(D33="Sanpete",31,IF(D33="Saratoga Springs",32,IF(D33="Sevier",33,IF(D33="Springville",34,IF(D33="Summit",35,IF(D33="Tooele",36,IF(D33="Uintah",37,IF(D33="Wasatch",38,IF(D33="Washington",39,IF(D33="Wayne",40,41)))))))))))))))))))))))))))))))))))))))) -> 14 | G33: =Sheet1!O34 -> 21-25 students | J33: =IF(G9="1-5 students",5,IF(G9="6-10 students",10,IF(G9="11-15 students",15,IF(G9="16-20 students",20,IF(G9="21-25 students",25,IF(G9="26-30 students",30,IF(G9="31-35 students",35,IF(G9="36-40 students",40,IF(G9="41-45 students",45,IF(G9="46-50 students",50,IF(G9="51 or more students",55,"ph"))))))))))) -> 30 | L33: California | M33: West | N33: =_xlfn.CONCAT("if(ae2=",$Q$16,L33,$Q$16,",",$Q$16,M33,$Q$16,",",N32,")") -> if(ae2="California","West",if(ae2="Arkansas","North",if(ae2="Alaska","West","x"))) | U33: =D32 -> I did not grow up in the state of Utah | Y33: =E32 -> 14 | AA33: =G32 -> 26-30 students | AC33: =_xlfn.FLOOR.MATH(J56/5+0.2) -> 6 | AE33: =Sheet1!R33 -> California | AI33: =IF(AE33="Weber","Eastern Utah",IF(AE33="Wayne","Eastern Utah",IF(AE33="Washington","Western Utah",IF(AE33="Wasatch","Eastern Utah",IF(AE33="Uintah","Eastern Utah",IF(AE33="Tooele","Midwest Utah",IF(AE33="Summit","Eastern Utah",IF(AE33="Springville","South East Utah County",IF(AE33="Sevier","Midwest Utah",IF(AE33="Saratoga Springs","North East Utah County",IF(AE33="Sanpete","Midwest Utah",IF(AE33="San Juan","Midwest Utah",IF(AE33="Salt Lake","Eastern Utah",IF(AE33="Rich","Eastern Utah",IF(AE33="Provo","Western Utah County",IF(AE33="Pleasant Grove","South East Utah County",IF(AE33="Piute","Midwest Utah",IF(AE33="Payson","South East Utah County",IF(AE33="Orem","South East Utah County",IF(AE33="Ogden","Western Utah County",IF(AE33="Morgan","Eastern Utah",IF(AE33="Millard","Midwest Utah",IF(AE33="Lindon","South East Utah County",IF(AE33="Layton","North East Utah County",IF(AE33="Kane","Western Utah",IF(AE33="Juab","Midwest Utah",IF(AE33="Iron","Western Utah",IF(AE33="I did not grow up in the state of Utah","South",IF(AE33="Herriman","Western Utah County",IF(AE33="Grand","Eastern Utah",IF(AE33="Garfield","Midwest Utah",IF(AE33="Emery","Eastern Utah",IF(AE33="Eagle Mountain","Western Utah County",IF(AE33="Duchesne","Eastern Utah",IF(AE33="Davis","Eastern Utah",IF(AE33="Daggett","Eastern Utah",IF(AE33="Carbon","Eastern Utah",IF(AE33="Cache","Midwest Utah",IF(AE33="Box Elder","Midwest Utah",IF(AE33="Beaver","Western Utah",IF(AE33="American Fork","North East Utah County",IF(AE33="Washington State","West",IF(AE33="Virginia","South",IF(AE33="Texas","South",IF(AE33="South Carolina","South",IF(AE33="Phoenix, Arizona","North",IF(AE33="Pennsylvania","East",IF(AE33="Ohio","North",IF(AE33="North Carolina","South",IF(AE33="New York","East",IF(AE33="New Jersey","East",IF(AE33="Nevada","West",IF(AE33="Massachusetts","East",IF(AE33="Lake Havasu, Arizona","West",IF(AE33="Iowa","North",IF(AE33="Idaho","West",IF(AE33="Hawaii","West",IF(AE33="Gilbert, Arizona","South",IF(AE33="Foreign Country","Not From America",IF(AE33="California","West",IF(AE33="Arkansas","North",IF(AE33="Alaska","West","x")))))))))))))))))))))))))))))))))))))))))))))))))))))))))))))) -> West | AL33: =IF(AI33="North East Utah County",1,IF(AI33="South East Utah County",2,IF(AI33="Western Utah County",3,IF(AI33="Eastern Utah",4,IF(AI33="Midwest Utah",5,IF(AI33="Western Utah",6,IF(AI33="North",7,IF(AI33="South",8,IF(AI33="East",9,IF(AI33="West",10,IF(AI33="Not From America",11,0))))))))))) -> 10
A34: Springville | B34: =1+B33 -> 34 | C34: =_xlfn.CONCAT(C33,"if(d1=",$Q$16,A34,$Q$16,",",B34,",") -> if(d1="American Fork",1,if(d1="Beaver",2,if(d1="Box Elder",3,if(d1="Cache",4,if(d1="Carbon",5,if(d1="Daggett",6,if(d1="Davis",7,if(d1="Duchesne",8,if(d1="Eagle Mountain",9,if(d1="Emery",10,if(d1="Garfield",11,if(d1="Grand",12,if(d1="Herriman",13,if(d1="I did not grow up in the state of Utah",14,if(d1="Iron",15,if(d1="Juab",16,if(d1="Kane",17,if(d1="Layton",18,if(d1="Lindon",19,if(d1="Millard",20,if(d1="Morgan",21,if(d1="Ogden",22,if(d1="Orem",23,if(d1="Payson",24,if(d1="Piute",25,if(d1="Pleasant Grove",26,if(d1="Provo",27,if(d1="Rich",28,if(d1="Salt Lake",29,if(d1="San Juan",30,if(d1="Sanpete",31,if(d1="Saratoga Springs",32,if(d1="Sevier",33,if(d1="Springville",34, | D34: =Sheet1!P35 -> Salt Lake | E34: =IF(D34="American Fork",1,IF(D34="Beaver",2,IF(D34="Box Elder",3,IF(D34="Cache",4,IF(D34="Carbon",5,IF(D34="Daggett",6,IF(D34="Davis",7,IF(D34="Duchesne",8,IF(D34="Eagle Mountain",9,IF(D34="Emery",10,IF(D34="Garfield",11,IF(D34="Grand",12,IF(D34="Herriman",13,IF(D34="I did not grow up in the state of Utah",14,IF(D34="Iron",15,IF(D34="Juab",16,IF(D34="Kane",17,IF(D34="Layton",18,IF(D34="Lindon",19,IF(D34="Millard",20,IF(D34="Morgan",21,IF(D34="Ogden",22,IF(D34="Orem",23,IF(D34="Payson",24,IF(D34="Piute",25,IF(D34="Pleasant Grove",26,IF(D34="Provo",27,IF(D34="Rich",28,IF(D34="Salt Lake",29,IF(D34="San Juan",30,IF(D34="Sanpete",31,IF(D34="Saratoga Springs",32,IF(D34="Sevier",33,IF(D34="Springville",34,IF(D34="Summit",35,IF(D34="Tooele",36,IF(D34="Uintah",37,IF(D34="Wasatch",38,IF(D34="Washington",39,IF(D34="Wayne",40,41)))))))))))))))))))))))))))))))))))))))) -> 29 | G34: =Sheet1!O35 -> 31-35 students | J34: =IF(G10="1-5 students",5,IF(G10="6-10 students",10,IF(G10="11-15 students",15,IF(G10="16-20 students",20,IF(G10="21-25 students",25,IF(G10="26-30 students",30,IF(G10="31-35 students",35,IF(G10="36-40 students",40,IF(G10="41-45 students",45,IF(G10="46-50 students",50,IF(G10="51 or more students",55,"ph"))))))))))) -> 30 | L34: Foreign Country | M34: Not From America | N34: =_xlfn.CONCAT("if(ae2=",$Q$16,L34,$Q$16,",",$Q$16,M34,$Q$16,",",N33,")") -> if(ae2="Foreign Country","Not From America",if(ae2="California","West",if(ae2="Arkansas","North",if(ae2="Alaska","West","x")))) | U34: =D33 -> I did not grow up in the state of Utah | Y34: =E33 -> 14 | AA34: =G33 -> 21-25 students | AC34: =_xlfn.FLOOR.MATH(J57/5+0.2) -> 5 | AE34: =Sheet1!R34 -> California | AI34: =IF(AE34="Weber","Eastern Utah",IF(AE34="Wayne","Eastern Utah",IF(AE34="Washington","Western Utah",IF(AE34="Wasatch","Eastern Utah",IF(AE34="Uintah","Eastern Utah",IF(AE34="Tooele","Midwest Utah",IF(AE34="Summit","Eastern Utah",IF(AE34="Springville","South East Utah County",IF(AE34="Sevier","Midwest Utah",IF(AE34="Saratoga Springs","North East Utah County",IF(AE34="Sanpete","Midwest Utah",IF(AE34="San Juan","Midwest Utah",IF(AE34="Salt Lake","Eastern Utah",IF(AE34="Rich","Eastern Utah",IF(AE34="Provo","Western Utah County",IF(AE34="Pleasant Grove","South East Utah County",IF(AE34="Piute","Midwest Utah",IF(AE34="Payson","South East Utah County",IF(AE34="Orem","South East Utah County",IF(AE34="Ogden","Western Utah County",IF(AE34="Morgan","Eastern Utah",IF(AE34="Millard","Midwest Utah",IF(AE34="Lindon","South East Utah County",IF(AE34="Layton","North East Utah County",IF(AE34="Kane","Western Utah",IF(AE34="Juab","Midwest Utah",IF(AE34="Iron","Western Utah",IF(AE34="I did not grow up in the state of Utah","South",IF(AE34="Herriman","Western Utah County",IF(AE34="Grand","Eastern Utah",IF(AE34="Garfield","Midwest Utah",IF(AE34="Emery","Eastern Utah",IF(AE34="Eagle Mountain","Western Utah County",IF(AE34="Duchesne","Eastern Utah",IF(AE34="Davis","Eastern Utah",IF(AE34="Daggett","Eastern Utah",IF(AE34="Carbon","Eastern Utah",IF(AE34="Cache","Midwest Utah",IF(AE34="Box Elder","Midwest Utah",IF(AE34="Beaver","Western Utah",IF(AE34="American Fork","North East Utah County",IF(AE34="Washington State","West",IF(AE34="Virginia","South",IF(AE34="Texas","South",IF(AE34="South Carolina","South",IF(AE34="Phoenix, Arizona","North",IF(AE34="Pennsylvania","East",IF(AE34="Ohio","North",IF(AE34="North Carolina","South",IF(AE34="New York","East",IF(AE34="New Jersey","East",IF(AE34="Nevada","West",IF(AE34="Massachusetts","East",IF(AE34="Lake Havasu, Arizona","West",IF(AE34="Iowa","North",IF(AE34="Idaho","West",IF(AE34="Hawaii","West",IF(AE34="Gilbert, Arizona","South",IF(AE34="Foreign Country","Not From America",IF(AE34="California","West",IF(AE34="Arkansas","North",IF(AE34="Alaska","West","x")))))))))))))))))))))))))))))))))))))))))))))))))))))))))))))) -> West | AL34: =IF(AI34="North East Utah County",1,IF(AI34="South East Utah County",2,IF(AI34="Western Utah County",3,IF(AI34="Eastern Utah",4,IF(AI34="Midwest Utah",5,IF(AI34="Western Utah",6,IF(AI34="North",7,IF(AI34="South",8,IF(AI34="East",9,IF(AI34="West",10,IF(AI34="Not From America",11,0))))))))))) -> 10
A35: Summit | B35: =1+B34 -> 35 | C35: =_xlfn.CONCAT(C34,"if(d1=",$Q$16,A35,$Q$16,",",B35,",") -> if(d1="American Fork",1,if(d1="Beaver",2,if(d1="Box Elder",3,if(d1="Cache",4,if(d1="Carbon",5,if(d1="Daggett",6,if(d1="Davis",7,if(d1="Duchesne",8,if(d1="Eagle Mountain",9,if(d1="Emery",10,if(d1="Garfield",11,if(d1="Grand",12,if(d1="Herriman",13,if(d1="I did not grow up in the state of Utah",14,if(d1="Iron",15,if(d1="Juab",16,if(d1="Kane",17,if(d1="Layton",18,if(d1="Lindon",19,if(d1="Millard",20,if(d1="Morgan",21,if(d1="Ogden",22,if(d1="Orem",23,if(d1="Payson",24,if(d1="Piute",25,if(d1="Pleasant Grove",26,if(d1="Provo",27,if(d1="Rich",28,if(d1="Salt Lake",29,if(d1="San Juan",30,if(d1="Sanpete",31,if(d1="Saratoga Springs",32,if(d1="Sevier",33,if(d1="Springville",34,if(d1="Summit",35, | D35: =Sheet1!P36 -> I did not grow up in the state of Utah | E35: =IF(D35="American Fork",1,IF(D35="Beaver",2,IF(D35="Box Elder",3,IF(D35="Cache",4,IF(D35="Carbon",5,IF(D35="Daggett",6,IF(D35="Davis",7,IF(D35="Duchesne",8,IF(D35="Eagle Mountain",9,IF(D35="Emery",10,IF(D35="Garfield",11,IF(D35="Grand",12,IF(D35="Herriman",13,IF(D35="I did not grow up in the state of Utah",14,IF(D35="Iron",15,IF(D35="Juab",16,IF(D35="Kane",17,IF(D35="Layton",18,IF(D35="Lindon",19,IF(D35="Millard",20,IF(D35="Morgan",21,IF(D35="Ogden",22,IF(D35="Orem",23,IF(D35="Payson",24,IF(D35="Piute",25,IF(D35="Pleasant Grove",26,IF(D35="Provo",27,IF(D35="Rich",28,IF(D35="Salt Lake",29,IF(D35="San Juan",30,IF(D35="Sanpete",31,IF(D35="Saratoga Springs",32,IF(D35="Sevier",33,IF(D35="Springville",34,IF(D35="Summit",35,IF(D35="Tooele",36,IF(D35="Uintah",37,IF(D35="Wasatch",38,IF(D35="Washington",39,IF(D35="Wayne",40,41)))))))))))))))))))))))))))))))))))))))) -> 14 | G35: =Sheet1!O36 -> 21-25 students | J35: =IF(G11="1-5 students",5,IF(G11="6-10 students",10,IF(G11="11-15 students",15,IF(G11="16-20 students",20,IF(G11="21-25 students",25,IF(G11="26-30 students",30,IF(G11="31-35 students",35,IF(G11="36-40 students",40,IF(G11="41-45 students",45,IF(G11="46-50 students",50,IF(G11="51 or more students",55,"ph"))))))))))) -> 30 | L35: Gilbert, Arizona | M35: South | N35: =_xlfn.CONCAT("if(ae2=",$Q$16,L35,$Q$16,",",$Q$16,M35,$Q$16,",",N34,")") -> if(ae2="Gilbert, Arizona","South",if(ae2="Foreign Country","Not From America",if(ae2="California","West",if(ae2="Arkansas","North",if(ae2="Alaska","West","x"))))) | U35: =D34 -> Salt Lake | Y35: =E34 -> 29 | AA35: =G34 -> 31-35 students | AC35: =_xlfn.FLOOR.MATH(J58/5+0.2) -> 7 | AE35: =Sheet1!R35 -> Salt Lake | AI35: =IF(AE35="Weber","Eastern Utah",IF(AE35="Wayne","Eastern Utah",IF(AE35="Washington","Western Utah",IF(AE35="Wasatch","Eastern Utah",IF(AE35="Uintah","Eastern Utah",IF(AE35="Tooele","Midwest Utah",IF(AE35="Summit","Eastern Utah",IF(AE35="Springville","South East Utah County",IF(AE35="Sevier","Midwest Utah",IF(AE35="Saratoga Springs","North East Utah County",IF(AE35="Sanpete","Midwest Utah",IF(AE35="San Juan","Midwest Utah",IF(AE35="Salt Lake","Eastern Utah",IF(AE35="Rich","Eastern Utah",IF(AE35="Provo","Western Utah County",IF(AE35="Pleasant Grove","South East Utah County",IF(AE35="Piute","Midwest Utah",IF(AE35="Payson","South East Utah County",IF(AE35="Orem","South East Utah County",IF(AE35="Ogden","Western Utah County",IF(AE35="Morgan","Eastern Utah",IF(AE35="Millard","Midwest Utah",IF(AE35="Lindon","South East Utah County",IF(AE35="Layton","North East Utah County",IF(AE35="Kane","Western Utah",IF(AE35="Juab","Midwest Utah",IF(AE35="Iron","Western Utah",IF(AE35="I did not grow up in the state of Utah","South",IF(AE35="Herriman","Western Utah County",IF(AE35="Grand","Eastern Utah",IF(AE35="Garfield","Midwest Utah",IF(AE35="Emery","Eastern Utah",IF(AE35="Eagle Mountain","Western Utah County",IF(AE35="Duchesne","Eastern Utah",IF(AE35="Davis","Eastern Utah",IF(AE35="Daggett","Eastern Utah",IF(AE35="Carbon","Eastern Utah",IF(AE35="Cache","Midwest Utah",IF(AE35="Box Elder","Midwest Utah",IF(AE35="Beaver","Western Utah",IF(AE35="American Fork","North East Utah County",IF(AE35="Washington State","West",IF(AE35="Virginia","South",IF(AE35="Texas","South",IF(AE35="South Carolina","South",IF(AE35="Phoenix, Arizona","North",IF(AE35="Pennsylvania","East",IF(AE35="Ohio","North",IF(AE35="North Carolina","South",IF(AE35="New York","East",IF(AE35="New Jersey","East",IF(AE35="Nevada","West",IF(AE35="Massachusetts","East",IF(AE35="Lake Havasu, Arizona","West",IF(AE35="Iowa","North",IF(AE35="Idaho","West",IF(AE35="Hawaii","West",IF(AE35="Gilbert, Arizona","South",IF(AE35="Foreign Country","Not From America",IF(AE35="California","West",IF(AE35="Arkansas","North",IF(AE35="Alaska","West","x")))))))))))))))))))))))))))))))))))))))))))))))))))))))))))))) -> Eastern Utah | AL35: =IF(AI35="North East Utah County",1,IF(AI35="South East Utah County",2,IF(AI35="Western Utah County",3,IF(AI35="Eastern Utah",4,IF(AI35="Midwest Utah",5,IF(AI35="Western Utah",6,IF(AI35="North",7,IF(AI35="South",8,IF(AI35="East",9,IF(AI35="West",10,IF(AI35="Not From America",11,0))))))))))) -> 4
A36: Tooele | B36: =1+B35 -> 36 | C36: =_xlfn.CONCAT(C35,"if(d1=",$Q$16,A36,$Q$16,",",B36,",") -> if(d1="American Fork",1,if(d1="Beaver",2,if(d1="Box Elder",3,if(d1="Cache",4,if(d1="Carbon",5,if(d1="Daggett",6,if(d1="Davis",7,if(d1="Duchesne",8,if(d1="Eagle Mountain",9,if(d1="Emery",10,if(d1="Garfield",11,if(d1="Grand",12,if(d1="Herriman",13,if(d1="I did not grow up in the state of Utah",14,if(d1="Iron",15,if(d1="Juab",16,if(d1="Kane",17,if(d1="Layton",18,if(d1="Lindon",19,if(d1="Millard",20,if(d1="Morgan",21,if(d1="Ogden",22,if(d1="Orem",23,if(d1="Payson",24,if(d1="Piute",25,if(d1="Pleasant Grove",26,if(d1="Provo",27,if(d1="Rich",28,if(d1="Salt Lake",29,if(d1="San Juan",30,if(d1="Sanpete",31,if(d1="Saratoga Springs",32,if(d1="Sevier",33,if(d1="Springville",34,if(d1="Summit",35,if(d1="Tooele",36, | D36: =Sheet1!P37 -> I did not grow up in the state of Utah | E36: =IF(D36="American Fork",1,IF(D36="Beaver",2,IF(D36="Box Elder",3,IF(D36="Cache",4,IF(D36="Carbon",5,IF(D36="Daggett",6,IF(D36="Davis",7,IF(D36="Duchesne",8,IF(D36="Eagle Mountain",9,IF(D36="Emery",10,IF(D36="Garfield",11,IF(D36="Grand",12,IF(D36="Herriman",13,IF(D36="I did not grow up in the state of Utah",14,IF(D36="Iron",15,IF(D36="Juab",16,IF(D36="Kane",17,IF(D36="Layton",18,IF(D36="Lindon",19,IF(D36="Millard",20,IF(D36="Morgan",21,IF(D36="Ogden",22,IF(D36="Orem",23,IF(D36="Payson",24,IF(D36="Piute",25,IF(D36="Pleasant Grove",26,IF(D36="Provo",27,IF(D36="Rich",28,IF(D36="Salt Lake",29,IF(D36="San Juan",30,IF(D36="Sanpete",31,IF(D36="Saratoga Springs",32,IF(D36="Sevier",33,IF(D36="Springville",34,IF(D36="Summit",35,IF(D36="Tooele",36,IF(D36="Uintah",37,IF(D36="Wasatch",38,IF(D36="Washington",39,IF(D36="Wayne",40,41)))))))))))))))))))))))))))))))))))))))) -> 14 | G36: =Sheet1!O37 -> 26-30 students | J36: =IF(G12="1-5 students",5,IF(G12="6-10 students",10,IF(G12="11-15 students",15,IF(G12="16-20 students",20,IF(G12="21-25 students",25,IF(G12="26-30 students",30,IF(G12="31-35 students",35,IF(G12="36-40 students",40,IF(G12="41-45 students",45,IF(G12="46-50 students",50,IF(G12="51 or more students",55,"ph"))))))))))) -> 30 | L36: Hawaii | M36: West | N36: =_xlfn.CONCAT("if(ae2=",$Q$16,L36,$Q$16,",",$Q$16,M36,$Q$16,",",N35,")") -> if(ae2="Hawaii","West",if(ae2="Gilbert, Arizona","South",if(ae2="Foreign Country","Not From America",if(ae2="California","West",if(ae2="Arkansas","North",if(ae2="Alaska","West","x")))))) | U36: =D35 -> I did not grow up in the state of Utah | Y36: =E35 -> 14 | AA36: =G35 -> 21-25 students | AC36: =_xlfn.FLOOR.MATH(J59/5+0.2) -> 5 | AE36: =Sheet1!R36 -> California | AI36: =IF(AE36="Weber","Eastern Utah",IF(AE36="Wayne","Eastern Utah",IF(AE36="Washington","Western Utah",IF(AE36="Wasatch","Eastern Utah",IF(AE36="Uintah","Eastern Utah",IF(AE36="Tooele","Midwest Utah",IF(AE36="Summit","Eastern Utah",IF(AE36="Springville","South East Utah County",IF(AE36="Sevier","Midwest Utah",IF(AE36="Saratoga Springs","North East Utah County",IF(AE36="Sanpete","Midwest Utah",IF(AE36="San Juan","Midwest Utah",IF(AE36="Salt Lake","Eastern Utah",IF(AE36="Rich","Eastern Utah",IF(AE36="Provo","Western Utah County",IF(AE36="Pleasant Grove","South East Utah County",IF(AE36="Piute","Midwest Utah",IF(AE36="Payson","South East Utah County",IF(AE36="Orem","South East Utah County",IF(AE36="Ogden","Western Utah County",IF(AE36="Morgan","Eastern Utah",IF(AE36="Millard","Midwest Utah",IF(AE36="Lindon","South East Utah County",IF(AE36="Layton","North East Utah County",IF(AE36="Kane","Western Utah",IF(AE36="Juab","Midwest Utah",IF(AE36="Iron","Western Utah",IF(AE36="I did not grow up in the state of Utah","South",IF(AE36="Herriman","Western Utah County",IF(AE36="Grand","Eastern Utah",IF(AE36="Garfield","Midwest Utah",IF(AE36="Emery","Eastern Utah",IF(AE36="Eagle Mountain","Western Utah County",IF(AE36="Duchesne","Eastern Utah",IF(AE36="Davis","Eastern Utah",IF(AE36="Daggett","Eastern Utah",IF(AE36="Carbon","Eastern Utah",IF(AE36="Cache","Midwest Utah",IF(AE36="Box Elder","Midwest Utah",IF(AE36="Beaver","Western Utah",IF(AE36="American Fork","North East Utah County",IF(AE36="Washington State","West",IF(AE36="Virginia","South",IF(AE36="Texas","South",IF(AE36="South Carolina","South",IF(AE36="Phoenix, Arizona","North",IF(AE36="Pennsylvania","East",IF(AE36="Ohio","North",IF(AE36="North Carolina","South",IF(AE36="New York","East",IF(AE36="New Jersey","East",IF(AE36="Nevada","West",IF(AE36="Massachusetts","East",IF(AE36="Lake Havasu, Arizona","West",IF(AE36="Iowa","North",IF(AE36="Idaho","West",IF(AE36="Hawaii","West",IF(AE36="Gilbert, Arizona","South",IF(AE36="Foreign Country","Not From America",IF(AE36="California","West",IF(AE36="Arkansas","North",IF(AE36="Alaska","West","x")))))))))))))))))))))))))))))))))))))))))))))))))))))))))))))) -> West | AL36: =IF(AI36="North East Utah County",1,IF(AI36="South East Utah County",2,IF(AI36="Western Utah County",3,IF(AI36="Eastern Utah",4,IF(AI36="Midwest Utah",5,IF(AI36="Western Utah",6,IF(AI36="North",7,IF(AI36="South",8,IF(AI36="East",9,IF(AI36="West",10,IF(AI36="Not From America",11,0))))))))))) -> 10
A37: Uintah | B37: =1+B36 -> 37 | C37: =_xlfn.CONCAT(C36,"if(d1=",$Q$16,A37,$Q$16,",",B37,",") -> if(d1="American Fork",1,if(d1="Beaver",2,if(d1="Box Elder",3,if(d1="Cache",4,if(d1="Carbon",5,if(d1="Daggett",6,if(d1="Davis",7,if(d1="Duchesne",8,if(d1="Eagle Mountain",9,if(d1="Emery",10,if(d1="Garfield",11,if(d1="Grand",12,if(d1="Herriman",13,if(d1="I did not grow up in the state of Utah",14,if(d1="Iron",15,if(d1="Juab",16,if(d1="Kane",17,if(d1="Layton",18,if(d1="Lindon",19,if(d1="Millard",20,if(d1="Morgan",21,if(d1="Ogden",22,if(d1="Orem",23,if(d1="Payson",24,if(d1="Piute",25,if(d1="Pleasant Grove",26,if(d1="Provo",27,if(d1="Rich",28,if(d1="Salt Lake",29,if(d1="San Juan",30,if(d1="Sanpete",31,if(d1="Saratoga Springs",32,if(d1="Sevier",33,if(d1="Springville",34,if(d1="Summit",35,if(d1="Tooele",36,if(d1="Uintah",37, | D37: =Sheet1!P38 -> Davis | E37: =IF(D37="American Fork",1,IF(D37="Beaver",2,IF(D37="Box Elder",3,IF(D37="Cache",4,IF(D37="Carbon",5,IF(D37="Daggett",6,IF(D37="Davis",7,IF(D37="Duchesne",8,IF(D37="Eagle Mountain",9,IF(D37="Emery",10,IF(D37="Garfield",11,IF(D37="Grand",12,IF(D37="Herriman",13,IF(D37="I did not grow up in the state of Utah",14,IF(D37="Iron",15,IF(D37="Juab",16,IF(D37="Kane",17,IF(D37="Layton",18,IF(D37="Lindon",19,IF(D37="Millard",20,IF(D37="Morgan",21,IF(D37="Ogden",22,IF(D37="Orem",23,IF(D37="Payson",24,IF(D37="Piute",25,IF(D37="Pleasant Grove",26,IF(D37="Provo",27,IF(D37="Rich",28,IF(D37="Salt Lake",29,IF(D37="San Juan",30,IF(D37="Sanpete",31,IF(D37="Saratoga Springs",32,IF(D37="Sevier",33,IF(D37="Springville",34,IF(D37="Summit",35,IF(D37="Tooele",36,IF(D37="Uintah",37,IF(D37="Wasatch",38,IF(D37="Washington",39,IF(D37="Wayne",40,41)))))))))))))))))))))))))))))))))))))))) -> 7 | G37: =Sheet1!O38 -> 26-30 students | J37: =IF(G13="1-5 students",5,IF(G13="6-10 students",10,IF(G13="11-15 students",15,IF(G13="16-20 students",20,IF(G13="21-25 students",25,IF(G13="26-30 students",30,IF(G13="31-35 students",35,IF(G13="36-40 students",40,IF(G13="41-45 students",45,IF(G13="46-50 students",50,IF(G13="51 or more students",55,"ph"))))))))))) -> 25 | L37: Idaho | M37: West | N37: =_xlfn.CONCAT("if(ae2=",$Q$16,L37,$Q$16,",",$Q$16,M37,$Q$16,",",N36,")") -> if(ae2="Idaho","West",if(ae2="Hawaii","West",if(ae2="Gilbert, Arizona","South",if(ae2="Foreign Country","Not From America",if(ae2="California","West",if(ae2="Arkansas","North",if(ae2="Alaska","West","x"))))))) | U37: =D36 -> I did not grow up in the state of Utah | Y37: =E36 -> 14 | AA37: =G36 -> 26-30 students | AC37: =_xlfn.FLOOR.MATH(J60/5+0.2) -> 6 | AE37: =Sheet1!R37 -> Foreign Country | AI37: =IF(AE37="Weber","Eastern Utah",IF(AE37="Wayne","Eastern Utah",IF(AE37="Washington","Western Utah",IF(AE37="Wasatch","Eastern Utah",IF(AE37="Uintah","Eastern Utah",IF(AE37="Tooele","Midwest Utah",IF(AE37="Summit","Eastern Utah",IF(AE37="Springville","South East Utah County",IF(AE37="Sevier","Midwest Utah",IF(AE37="Saratoga Springs","North East Utah County",IF(AE37="Sanpete","Midwest Utah",IF(AE37="San Juan","Midwest Utah",IF(AE37="Salt Lake","Eastern Utah",IF(AE37="Rich","Eastern Utah",IF(AE37="Provo","Western Utah County",IF(AE37="Pleasant Grove","South East Utah County",IF(AE37="Piute","Midwest Utah",IF(AE37="Payson","South East Utah County",IF(AE37="Orem","South East Utah County",IF(AE37="Ogden","Western Utah County",IF(AE37="Morgan","Eastern Utah",IF(AE37="Millard","Midwest Utah",IF(AE37="Lindon","South East Utah County",IF(AE37="Layton","North East Utah County",IF(AE37="Kane","Western Utah",IF(AE37="Juab","Midwest Utah",IF(AE37="Iron","Western Utah",IF(AE37="I did not grow up in the state of Utah","South",IF(AE37="Herriman","Western Utah County",IF(AE37="Grand","Eastern Utah",IF(AE37="Garfield","Midwest Utah",IF(AE37="Emery","Eastern Utah",IF(AE37="Eagle Mountain","Western Utah County",IF(AE37="Duchesne","Eastern Utah",IF(AE37="Davis","Eastern Utah",IF(AE37="Daggett","Eastern Utah",IF(AE37="Carbon","Eastern Utah",IF(AE37="Cache","Midwest Utah",IF(AE37="Box Elder","Midwest Utah",IF(AE37="Beaver","Western Utah",IF(AE37="American Fork","North East Utah County",IF(AE37="Washington State","West",IF(AE37="Virginia","South",IF(AE37="Texas","South",IF(AE37="South Carolina","South",IF(AE37="Phoenix, Arizona","North",IF(AE37="Pennsylvania","East",IF(AE37="Ohio","North",IF(AE37="North Carolina","South",IF(AE37="New York","East",IF(AE37="New Jersey","East",IF(AE37="Nevada","West",IF(AE37="Massachusetts","East",IF(AE37="Lake Havasu, Arizona","West",IF(AE37="Iowa","North",IF(AE37="Idaho","West",IF(AE37="Hawaii","West",IF(AE37="Gilbert, Arizona","South",IF(AE37="Foreign Country","Not From America",IF(AE37="California","West",IF(AE37="Arkansas","North",IF(AE37="Alaska","West","x")))))))))))))))))))))))))))))))))))))))))))))))))))))))))))))) -> Not From America | AL37: =IF(AI37="North East Utah County",1,IF(AI37="South East Utah County",2,IF(AI37="Western Utah County",3,IF(AI37="Eastern Utah",4,IF(AI37="Midwest Utah",5,IF(AI37="Western Utah",6,IF(AI37="North",7,IF(AI37="South",8,IF(AI37="East",9,IF(AI37="West",10,IF(AI37="Not From America",11,0))))))))))) -> 11
A38: Wasatch | B38: =1+B37 -> 38 | C38: =_xlfn.CONCAT(C37,"if(d1=",$Q$16,A38,$Q$16,",",B38,",") -> if(d1="American Fork",1,if(d1="Beaver",2,if(d1="Box Elder",3,if(d1="Cache",4,if(d1="Carbon",5,if(d1="Daggett",6,if(d1="Davis",7,if(d1="Duchesne",8,if(d1="Eagle Mountain",9,if(d1="Emery",10,if(d1="Garfield",11,if(d1="Grand",12,if(d1="Herriman",13,if(d1="I did not grow up in the state of Utah",14,if(d1="Iron",15,if(d1="Juab",16,if(d1="Kane",17,if(d1="Layton",18,if(d1="Lindon",19,if(d1="Millard",20,if(d1="Morgan",21,if(d1="Ogden",22,if(d1="Orem",23,if(d1="Payson",24,if(d1="Piute",25,if(d1="Pleasant Grove",26,if(d1="Provo",27,if(d1="Rich",28,if(d1="Salt Lake",29,if(d1="San Juan",30,if(d1="Sanpete",31,if(d1="Saratoga Springs",32,if(d1="Sevier",33,if(d1="Springville",34,if(d1="Summit",35,if(d1="Tooele",36,if(d1="Uintah",37,if(d1="Wasatch",38, | D38: =Sheet1!P39 -> American Fork | E38: =IF(D38="American Fork",1,IF(D38="Beaver",2,IF(D38="Box Elder",3,IF(D38="Cache",4,IF(D38="Carbon",5,IF(D38="Daggett",6,IF(D38="Davis",7,IF(D38="Duchesne",8,IF(D38="Eagle Mountain",9,IF(D38="Emery",10,IF(D38="Garfield",11,IF(D38="Grand",12,IF(D38="Herriman",13,IF(D38="I did not grow up in the state of Utah",14,IF(D38="Iron",15,IF(D38="Juab",16,IF(D38="Kane",17,IF(D38="Layton",18,IF(D38="Lindon",19,IF(D38="Millard",20,IF(D38="Morgan",21,IF(D38="Ogden",22,IF(D38="Orem",23,IF(D38="Payson",24,IF(D38="Piute",25,IF(D38="Pleasant Grove",26,IF(D38="Provo",27,IF(D38="Rich",28,IF(D38="Salt Lake",29,IF(D38="San Juan",30,IF(D38="Sanpete",31,IF(D38="Saratoga Springs",32,IF(D38="Sevier",33,IF(D38="Springville",34,IF(D38="Summit",35,IF(D38="Tooele",36,IF(D38="Uintah",37,IF(D38="Wasatch",38,IF(D38="Washington",39,IF(D38="Wayne",40,41)))))))))))))))))))))))))))))))))))))))) -> 1 | G38: =Sheet1!O39 -> 26-30 students | J38: =IF(G14="1-5 students",5,IF(G14="6-10 students",10,IF(G14="11-15 students",15,IF(G14="16-20 students",20,IF(G14="21-25 students",25,IF(G14="26-30 students",30,IF(G14="31-35 students",35,IF(G14="36-40 students",40,IF(G14="41-45 students",45,IF(G14="46-50 students",50,IF(G14="51 or more students",55,"ph"))))))))))) -> 30 | L38: Iowa | M38: North | N38: =_xlfn.CONCAT("if(ae2=",$Q$16,L38,$Q$16,",",$Q$16,M38,$Q$16,",",N37,")") -> if(ae2="Iowa","North",if(ae2="Idaho","West",if(ae2="Hawaii","West",if(ae2="Gilbert, Arizona","South",if(ae2="Foreign Country","Not From America",if(ae2="California","West",if(ae2="Arkansas","North",if(ae2="Alaska","West","x")))))))) | U38: =D37 -> Davis | Y38: =E37 -> 7 | AA38: =G37 -> 26-30 students | AC38: =_xlfn.FLOOR.MATH(J61/5+0.2) -> 6 | AE38: =Sheet1!R38 -> Davis | AI38: =IF(AE38="Weber","Eastern Utah",IF(AE38="Wayne","Eastern Utah",IF(AE38="Washington","Western Utah",IF(AE38="Wasatch","Eastern Utah",IF(AE38="Uintah","Eastern Utah",IF(AE38="Tooele","Midwest Utah",IF(AE38="Summit","Eastern Utah",IF(AE38="Springville","South East Utah County",IF(AE38="Sevier","Midwest Utah",IF(AE38="Saratoga Springs","North East Utah County",IF(AE38="Sanpete","Midwest Utah",IF(AE38="San Juan","Midwest Utah",IF(AE38="Salt Lake","Eastern Utah",IF(AE38="Rich","Eastern Utah",IF(AE38="Provo","Western Utah County",IF(AE38="Pleasant Grove","South East Utah County",IF(AE38="Piute","Midwest Utah",IF(AE38="Payson","South East Utah County",IF(AE38="Orem","South East Utah County",IF(AE38="Ogden","Western Utah County",IF(AE38="Morgan","Eastern Utah",IF(AE38="Millard","Midwest Utah",IF(AE38="Lindon","South East Utah County",IF(AE38="Layton","North East Utah County",IF(AE38="Kane","Western Utah",IF(AE38="Juab","Midwest Utah",IF(AE38="Iron","Western Utah",IF(AE38="I did not grow up in the state of Utah","South",IF(AE38="Herriman","Western Utah County",IF(AE38="Grand","Eastern Utah",IF(AE38="Garfield","Midwest Utah",IF(AE38="Emery","Eastern Utah",IF(AE38="Eagle Mountain","Western Utah County",IF(AE38="Duchesne","Eastern Utah",IF(AE38="Davis","Eastern Utah",IF(AE38="Daggett","Eastern Utah",IF(AE38="Carbon","Eastern Utah",IF(AE38="Cache","Midwest Utah",IF(AE38="Box Elder","Midwest Utah",IF(AE38="Beaver","Western Utah",IF(AE38="American Fork","North East Utah County",IF(AE38="Washington State","West",IF(AE38="Virginia","South",IF(AE38="Texas","South",IF(AE38="South Carolina","South",IF(AE38="Phoenix, Arizona","North",IF(AE38="Pennsylvania","East",IF(AE38="Ohio","North",IF(AE38="North Carolina","South",IF(AE38="New York","East",IF(AE38="New Jersey","East",IF(AE38="Nevada","West",IF(AE38="Massachusetts","East",IF(AE38="Lake Havasu, Arizona","West",IF(AE38="Iowa","North",IF(AE38="Idaho","West",IF(AE38="Hawaii","West",IF(AE38="Gilbert, Arizona","South",IF(AE38="Foreign Country","Not From America",IF(AE38="California","West",IF(AE38="Arkansas","North",IF(AE38="Alaska","West","x")))))))))))))))))))))))))))))))))))))))))))))))))))))))))))))) -> Eastern Utah | AL38: =IF(AI38="North East Utah County",1,IF(AI38="South East Utah County",2,IF(AI38="Western Utah County",3,IF(AI38="Eastern Utah",4,IF(AI38="Midwest Utah",5,IF(AI38="Western Utah",6,IF(AI38="North",7,IF(AI38="South",8,IF(AI38="East",9,IF(AI38="West",10,IF(AI38="Not From America",11,0))))))))))) -> 4
A39: Washington | B39: =1+B38 -> 39 | C39: =_xlfn.CONCAT(C38,"if(d1=",$Q$16,A39,$Q$16,",",B39,",") -> if(d1="American Fork",1,if(d1="Beaver",2,if(d1="Box Elder",3,if(d1="Cache",4,if(d1="Carbon",5,if(d1="Daggett",6,if(d1="Davis",7,if(d1="Duchesne",8,if(d1="Eagle Mountain",9,if(d1="Emery",10,if(d1="Garfield",11,if(d1="Grand",12,if(d1="Herriman",13,if(d1="I did not grow up in the state of Utah",14,if(d1="Iron",15,if(d1="Juab",16,if(d1="Kane",17,if(d1="Layton",18,if(d1="Lindon",19,if(d1="Millard",20,if(d1="Morgan",21,if(d1="Ogden",22,if(d1="Orem",23,if(d1="Payson",24,if(d1="Piute",25,if(d1="Pleasant Grove",26,if(d1="Provo",27,if(d1="Rich",28,if(d1="Salt Lake",29,if(d1="San Juan",30,if(d1="Sanpete",31,if(d1="Saratoga Springs",32,if(d1="Sevier",33,if(d1="Springville",34,if(d1="Summit",35,if(d1="Tooele",36,if(d1="Uintah",37,if(d1="Wasatch",38,if(d1="Washington",39, | D39: =Sheet1!P40 -> I did not grow up in the state of Utah | E39: =IF(D39="American Fork",1,IF(D39="Beaver",2,IF(D39="Box Elder",3,IF(D39="Cache",4,IF(D39="Carbon",5,IF(D39="Daggett",6,IF(D39="Davis",7,IF(D39="Duchesne",8,IF(D39="Eagle Mountain",9,IF(D39="Emery",10,IF(D39="Garfield",11,IF(D39="Grand",12,IF(D39="Herriman",13,IF(D39="I did not grow up in the state of Utah",14,IF(D39="Iron",15,IF(D39="Juab",16,IF(D39="Kane",17,IF(D39="Layton",18,IF(D39="Lindon",19,IF(D39="Millard",20,IF(D39="Morgan",21,IF(D39="Ogden",22,IF(D39="Orem",23,IF(D39="Payson",24,IF(D39="Piute",25,IF(D39="Pleasant Grove",26,IF(D39="Provo",27,IF(D39="Rich",28,IF(D39="Salt Lake",29,IF(D39="San Juan",30,IF(D39="Sanpete",31,IF(D39="Saratoga Springs",32,IF(D39="Sevier",33,IF(D39="Springville",34,IF(D39="Summit",35,IF(D39="Tooele",36,IF(D39="Uintah",37,IF(D39="Wasatch",38,IF(D39="Washington",39,IF(D39="Wayne",40,41)))))))))))))))))))))))))))))))))))))))) -> 14 | G39: =Sheet1!O40 -> 26-30 students | J39: =IF(G15="1-5 students",5,IF(G15="6-10 students",10,IF(G15="11-15 students",15,IF(G15="16-20 students",20,IF(G15="21-25 students",25,IF(G15="26-30 students",30,IF(G15="31-35 students",35,IF(G15="36-40 students",40,IF(G15="41-45 students",45,IF(G15="46-50 students",50,IF(G15="51 or more students",55,"ph"))))))))))) -> 35 | L39: Lake Havasu, Arizona | M39: West | N39: =_xlfn.CONCAT("if(ae2=",$Q$16,L39,$Q$16,",",$Q$16,M39,$Q$16,",",N38,")") -> if(ae2="Lake Havasu, Arizona","West",if(ae2="Iowa","North",if(ae2="Idaho","West",if(ae2="Hawaii","West",if(ae2="Gilbert, Arizona","South",if(ae2="Foreign Country","Not From America",if(ae2="California","West",if(ae2="Arkansas","North",if(ae2="Alaska","West","x"))))))))) | U39: =D38 -> American Fork | Y39: =E38 -> 1 | AA39: =G38 -> 26-30 students | AC39: =_xlfn.FLOOR.MATH(J62/5+0.2) -> 6 | AE39: =Sheet1!R39 -> American Fork | AI39: =IF(AE39="Weber","Eastern Utah",IF(AE39="Wayne","Eastern Utah",IF(AE39="Washington","Western Utah",IF(AE39="Wasatch","Eastern Utah",IF(AE39="Uintah","Eastern Utah",IF(AE39="Tooele","Midwest Utah",IF(AE39="Summit","Eastern Utah",IF(AE39="Springville","South East Utah County",IF(AE39="Sevier","Midwest Utah",IF(AE39="Saratoga Springs","North East Utah County",IF(AE39="Sanpete","Midwest Utah",IF(AE39="San Juan","Midwest Utah",IF(AE39="Salt Lake","Eastern Utah",IF(AE39="Rich","Eastern Utah",IF(AE39="Provo","Western Utah County",IF(AE39="Pleasant Grove","South East Utah County",IF(AE39="Piute","Midwest Utah",IF(AE39="Payson","South East Utah County",IF(AE39="Orem","South East Utah County",IF(AE39="Ogden","Western Utah County",IF(AE39="Morgan","Eastern Utah",IF(AE39="Millard","Midwest Utah",IF(AE39="Lindon","South East Utah County",IF(AE39="Layton","North East Utah County",IF(AE39="Kane","Western Utah",IF(AE39="Juab","Midwest Utah",IF(AE39="Iron","Western Utah",IF(AE39="I did not grow up in the state of Utah","South",IF(AE39="Herriman","Western Utah County",IF(AE39="Grand","Eastern Utah",IF(AE39="Garfield","Midwest Utah",IF(AE39="Emery","Eastern Utah",IF(AE39="Eagle Mountain","Western Utah County",IF(AE39="Duchesne","Eastern Utah",IF(AE39="Davis","Eastern Utah",IF(AE39="Daggett","Eastern Utah",IF(AE39="Carbon","Eastern Utah",IF(AE39="Cache","Midwest Utah",IF(AE39="Box Elder","Midwest Utah",IF(AE39="Beaver","Western Utah",IF(AE39="American Fork","North East Utah County",IF(AE39="Washington State","West",IF(AE39="Virginia","South",IF(AE39="Texas","South",IF(AE39="South Carolina","South",IF(AE39="Phoenix, Arizona","North",IF(AE39="Pennsylvania","East",IF(AE39="Ohio","North",IF(AE39="North Carolina","South",IF(AE39="New York","East",IF(AE39="New Jersey","East",IF(AE39="Nevada","West",IF(AE39="Massachusetts","East",IF(AE39="Lake Havasu, Arizona","West",IF(AE39="Iowa","North",IF(AE39="Idaho","West",IF(AE39="Hawaii","West",IF(AE39="Gilbert, Arizona","South",IF(AE39="Foreign Country","Not From America",IF(AE39="California","West",IF(AE39="Arkansas","North",IF(AE39="Alaska","West","x")))))))))))))))))))))))))))))))))))))))))))))))))))))))))))))) -> North East Utah County | AL39: =IF(AI39="North East Utah County",1,IF(AI39="South East Utah County",2,IF(AI39="Western Utah County",3,IF(AI39="Eastern Utah",4,IF(AI39="Midwest Utah",5,IF(AI39="Western Utah",6,IF(AI39="North",7,IF(AI39="South",8,IF(AI39="East",9,IF(AI39="West",10,IF(AI39="Not From America",11,0))))))))))) -> 1
A40: Wayne | B40: =1+B39 -> 40 | C40: =_xlfn.CONCAT(C39,"if(d1=",$Q$16,A40,$Q$16,",",B40,",") -> if(d1="American Fork",1,if(d1="Beaver",2,if(d1="Box Elder",3,if(d1="Cache",4,if(d1="Carbon",5,if(d1="Daggett",6,if(d1="Davis",7,if(d1="Duchesne",8,if(d1="Eagle Mountain",9,if(d1="Emery",10,if(d1="Garfield",11,if(d1="Grand",12,if(d1="Herriman",13,if(d1="I did not grow up in the state of Utah",14,if(d1="Iron",15,if(d1="Juab",16,if(d1="Kane",17,if(d1="Layton",18,if(d1="Lindon",19,if(d1="Millard",20,if(d1="Morgan",21,if(d1="Ogden",22,if(d1="Orem",23,if(d1="Payson",24,if(d1="Piute",25,if(d1="Pleasant Grove",26,if(d1="Provo",27,if(d1="Rich",28,if(d1="Salt Lake",29,if(d1="San Juan",30,if(d1="Sanpete",31,if(d1="Saratoga Springs",32,if(d1="Sevier",33,if(d1="Springville",34,if(d1="Summit",35,if(d1="Tooele",36,if(d1="Uintah",37,if(d1="Wasatch",38,if(d1="Washington",39,if(d1="Wayne",40, | D40: =Sheet1!P41 -> I did not grow up in the state of Utah | E40: =IF(D40="American Fork",1,IF(D40="Beaver",2,IF(D40="Box Elder",3,IF(D40="Cache",4,IF(D40="Carbon",5,IF(D40="Daggett",6,IF(D40="Davis",7,IF(D40="Duchesne",8,IF(D40="Eagle Mountain",9,IF(D40="Emery",10,IF(D40="Garfield",11,IF(D40="Grand",12,IF(D40="Herriman",13,IF(D40="I did not grow up in the state of Utah",14,IF(D40="Iron",15,IF(D40="Juab",16,IF(D40="Kane",17,IF(D40="Layton",18,IF(D40="Lindon",19,IF(D40="Millard",20,IF(D40="Morgan",21,IF(D40="Ogden",22,IF(D40="Orem",23,IF(D40="Payson",24,IF(D40="Piute",25,IF(D40="Pleasant Grove",26,IF(D40="Provo",27,IF(D40="Rich",28,IF(D40="Salt Lake",29,IF(D40="San Juan",30,IF(D40="Sanpete",31,IF(D40="Saratoga Springs",32,IF(D40="Sevier",33,IF(D40="Springville",34,IF(D40="Summit",35,IF(D40="Tooele",36,IF(D40="Uintah",37,IF(D40="Wasatch",38,IF(D40="Washington",39,IF(D40="Wayne",40,41)))))))))))))))))))))))))))))))))))))))) -> 14 | G40: =Sheet1!O41 -> 21-25 students | J40: =IF(G16="1-5 students",5,IF(G16="6-10 students",10,IF(G16="11-15 students",15,IF(G16="16-20 students",20,IF(G16="21-25 students",25,IF(G16="26-30 students",30,IF(G16="31-35 students",35,IF(G16="36-40 students",40,IF(G16="41-45 students",45,IF(G16="46-50 students",50,IF(G16="51 or more students",55,"ph"))))))))))) -> 25 | L40: Massachusetts | M40: East | N40: =_xlfn.CONCAT("if(ae2=",$Q$16,L40,$Q$16,",",$Q$16,M40,$Q$16,",",N39,")") -> if(ae2="Massachusetts","East",if(ae2="Lake Havasu, Arizona","West",if(ae2="Iowa","North",if(ae2="Idaho","West",if(ae2="Hawaii","West",if(ae2="Gilbert, Arizona","South",if(ae2="Foreign Country","Not From America",if(ae2="California","West",if(ae2="Arkansas","North",if(ae2="Alaska","West","x")))))))))) | U40: =D39 -> I did not grow up in the state of Utah | Y40: =E39 -> 14 | AA40: =G39 -> 26-30 students | AC40: =_xlfn.FLOOR.MATH(J63/5+0.2) -> 6 | AE40: =Sheet1!R40 -> California | AI40: =IF(AE40="Weber","Eastern Utah",IF(AE40="Wayne","Eastern Utah",IF(AE40="Washington","Western Utah",IF(AE40="Wasatch","Eastern Utah",IF(AE40="Uintah","Eastern Utah",IF(AE40="Tooele","Midwest Utah",IF(AE40="Summit","Eastern Utah",IF(AE40="Springville","South East Utah County",IF(AE40="Sevier","Midwest Utah",IF(AE40="Saratoga Springs","North East Utah County",IF(AE40="Sanpete","Midwest Utah",IF(AE40="San Juan","Midwest Utah",IF(AE40="Salt Lake","Eastern Utah",IF(AE40="Rich","Eastern Utah",IF(AE40="Provo","Western Utah County",IF(AE40="Pleasant Grove","South East Utah County",IF(AE40="Piute","Midwest Utah",IF(AE40="Payson","South East Utah County",IF(AE40="Orem","South East Utah County",IF(AE40="Ogden","Western Utah County",IF(AE40="Morgan","Eastern Utah",IF(AE40="Millard","Midwest Utah",IF(AE40="Lindon","South East Utah County",IF(AE40="Layton","North East Utah County",IF(AE40="Kane","Western Utah",IF(AE40="Juab","Midwest Utah",IF(AE40="Iron","Western Utah",IF(AE40="I did not grow up in the state of Utah","South",IF(AE40="Herriman","Western Utah County",IF(AE40="Grand","Eastern Utah",IF(AE40="Garfield","Midwest Utah",IF(AE40="Emery","Eastern Utah",IF(AE40="Eagle Mountain","Western Utah County",IF(AE40="Duchesne","Eastern Utah",IF(AE40="Davis","Eastern Utah",IF(AE40="Daggett","Eastern Utah",IF(AE40="Carbon","Eastern Utah",IF(AE40="Cache","Midwest Utah",IF(AE40="Box Elder","Midwest Utah",IF(AE40="Beaver","Western Utah",IF(AE40="American Fork","North East Utah County",IF(AE40="Washington State","West",IF(AE40="Virginia","South",IF(AE40="Texas","South",IF(AE40="South Carolina","South",IF(AE40="Phoenix, Arizona","North",IF(AE40="Pennsylvania","East",IF(AE40="Ohio","North",IF(AE40="North Carolina","South",IF(AE40="New York","East",IF(AE40="New Jersey","East",IF(AE40="Nevada","West",IF(AE40="Massachusetts","East",IF(AE40="Lake Havasu, Arizona","West",IF(AE40="Iowa","North",IF(AE40="Idaho","West",IF(AE40="Hawaii","West",IF(AE40="Gilbert, Arizona","South",IF(AE40="Foreign Country","Not From America",IF(AE40="California","West",IF(AE40="Arkansas","North",IF(AE40="Alaska","West","x")))))))))))))))))))))))))))))))))))))))))))))))))))))))))))))) -> West | AL40: =IF(AI40="North East Utah County",1,IF(AI40="South East Utah County",2,IF(AI40="Western Utah County",3,IF(AI40="Eastern Utah",4,IF(AI40="Midwest Utah",5,IF(AI40="Western Utah",6,IF(AI40="North",7,IF(AI40="South",8,IF(AI40="East",9,IF(AI40="West",10,IF(AI40="Not From America",11,0))))))))))) -> 10
A41: Weber | B41: =1+B40 -> 41 | C41: =_xlfn.CONCAT(C40,B41) -> if(d1="American Fork",1,if(d1="Beaver",2,if(d1="Box Elder",3,if(d1="Cache",4,if(d1="Carbon",5,if(d1="Daggett",6,if(d1="Davis",7,if(d1="Duchesne",8,if(d1="Eagle Mountain",9,if(d1="Emery",10,if(d1="Garfield",11,if(d1="Grand",12,if(d1="Herriman",13,if(d1="I did not grow up in the state of Utah",14,if(d1="Iron",15,if(d1="Juab",16,if(d1="Kane",17,if(d1="Layton",18,if(d1="Lindon",19,if(d1="Millard",20,if(d1="Morgan",21,if(d1="Ogden",22,if(d1="Orem",23,if(d1="Payson",24,if(d1="Piute",25,if(d1="Pleasant Grove",26,if(d1="Provo",27,if(d1="Rich",28,if(d1="Salt Lake",29,if(d1="San Juan",30,if(d1="Sanpete",31,if(d1="Saratoga Springs",32,if(d1="Sevier",33,if(d1="Springville",34,if(d1="Summit",35,if(d1="Tooele",36,if(d1="Uintah",37,if(d1="Wasatch",38,if(d1="Washington",39,if(d1="Wayne",40,41 | D41: =Sheet1!P42 -> I did not grow up in the state of Utah | E41: =IF(D41="American Fork",1,IF(D41="Beaver",2,IF(D41="Box Elder",3,IF(D41="Cache",4,IF(D41="Carbon",5,IF(D41="Daggett",6,IF(D41="Davis",7,IF(D41="Duchesne",8,IF(D41="Eagle Mountain",9,IF(D41="Emery",10,IF(D41="Garfield",11,IF(D41="Grand",12,IF(D41="Herriman",13,IF(D41="I did not grow up in the state of Utah",14,IF(D41="Iron",15,IF(D41="Juab",16,IF(D41="Kane",17,IF(D41="Layton",18,IF(D41="Lindon",19,IF(D41="Millard",20,IF(D41="Morgan",21,IF(D41="Ogden",22,IF(D41="Orem",23,IF(D41="Payson",24,IF(D41="Piute",25,IF(D41="Pleasant Grove",26,IF(D41="Provo",27,IF(D41="Rich",28,IF(D41="Salt Lake",29,IF(D41="San Juan",30,IF(D41="Sanpete",31,IF(D41="Saratoga Springs",32,IF(D41="Sevier",33,IF(D41="Springville",34,IF(D41="Summit",35,IF(D41="Tooele",36,IF(D41="Uintah",37,IF(D41="Wasatch",38,IF(D41="Washington",39,IF(D41="Wayne",40,41)))))))))))))))))))))))))))))))))))))))) -> 14 | G41: =Sheet1!O42 -> 26-30 students | J41: =IF(G17="1-5 students",5,IF(G17="6-10 students",10,IF(G17="11-15 students",15,IF(G17="16-20 students",20,IF(G17="21-25 students",25,IF(G17="26-30 students",30,IF(G17="31-35 students",35,IF(G17="36-40 students",40,IF(G17="41-45 students",45,IF(G17="46-50 students",50,IF(G17="51 or more students",55,"ph"))))))))))) -> 25 | L41: Nevada | M41: West | N41: =_xlfn.CONCAT("if(ae2=",$Q$16,L41,$Q$16,",",$Q$16,M41,$Q$16,",",N40,")") -> if(ae2="Nevada","West",if(ae2="Massachusetts","East",if(ae2="Lake Havasu, Arizona","West",if(ae2="Iowa","North",if(ae2="Idaho","West",if(ae2="Hawaii","West",if(ae2="Gilbert, Arizona","South",if(ae2="Foreign Country","Not From America",if(ae2="California","West",if(ae2="Arkansas","North",if(ae2="Alaska","West","x"))))))))))) | U41: =D40 -> I did not grow up in the state of Utah | Y41: =E40 -> 14 | AA41: =G40 -> 21-25 students | AC41: =_xlfn.FLOOR.MATH(J64/5+0.2) -> 5 | AE41: =Sheet1!R41 -> Washington State | AI41: =IF(AE41="Weber","Eastern Utah",IF(AE41="Wayne","Eastern Utah",IF(AE41="Washington","Western Utah",IF(AE41="Wasatch","Eastern Utah",IF(AE41="Uintah","Eastern Utah",IF(AE41="Tooele","Midwest Utah",IF(AE41="Summit","Eastern Utah",IF(AE41="Springville","South East Utah County",IF(AE41="Sevier","Midwest Utah",IF(AE41="Saratoga Springs","North East Utah County",IF(AE41="Sanpete","Midwest Utah",IF(AE41="San Juan","Midwest Utah",IF(AE41="Salt Lake","Eastern Utah",IF(AE41="Rich","Eastern Utah",IF(AE41="Provo","Western Utah County",IF(AE41="Pleasant Grove","South East Utah County",IF(AE41="Piute","Midwest Utah",IF(AE41="Payson","South East Utah County",IF(AE41="Orem","South East Utah County",IF(AE41="Ogden","Western Utah County",IF(AE41="Morgan","Eastern Utah",IF(AE41="Millard","Midwest Utah",IF(AE41="Lindon","South East Utah County",IF(AE41="Layton","North East Utah County",IF(AE41="Kane","Western Utah",IF(AE41="Juab","Midwest Utah",IF(AE41="Iron","Western Utah",IF(AE41="I did not grow up in the state of Utah","South",IF(AE41="Herriman","Western Utah County",IF(AE41="Grand","Eastern Utah",IF(AE41="Garfield","Midwest Utah",IF(AE41="Emery","Eastern Utah",IF(AE41="Eagle Mountain","Western Utah County",IF(AE41="Duchesne","Eastern Utah",IF(AE41="Davis","Eastern Utah",IF(AE41="Daggett","Eastern Utah",IF(AE41="Carbon","Eastern Utah",IF(AE41="Cache","Midwest Utah",IF(AE41="Box Elder","Midwest Utah",IF(AE41="Beaver","Western Utah",IF(AE41="American Fork","North East Utah County",IF(AE41="Washington State","West",IF(AE41="Virginia","South",IF(AE41="Texas","South",IF(AE41="South Carolina","South",IF(AE41="Phoenix, Arizona","North",IF(AE41="Pennsylvania","East",IF(AE41="Ohio","North",IF(AE41="North Carolina","South",IF(AE41="New York","East",IF(AE41="New Jersey","East",IF(AE41="Nevada","West",IF(AE41="Massachusetts","East",IF(AE41="Lake Havasu, Arizona","West",IF(AE41="Iowa","North",IF(AE41="Idaho","West",IF(AE41="Hawaii","West",IF(AE41="Gilbert, Arizona","South",IF(AE41="Foreign Country","Not From America",IF(AE41="California","West",IF(AE41="Arkansas","North",IF(AE41="Alaska","West","x")))))))))))))))))))))))))))))))))))))))))))))))))))))))))))))) -> West | AL41: =IF(AI41="North East Utah County",1,IF(AI41="South East Utah County",2,IF(AI41="Western Utah County",3,IF(AI41="Eastern Utah",4,IF(AI41="Midwest Utah",5,IF(AI41="Western Utah",6,IF(AI41="North",7,IF(AI41="South",8,IF(AI41="East",9,IF(AI41="West",10,IF(AI41="Not From America",11,0))))))))))) -> 10
